paper_id,title,keywords,abstract,session,year,doi,authors
1,Regularization Learning for Image Recognition,Bayesian networks;deep learning;overfitting;regularization;Gibbs distribution; Machine learning;Training;Probabilistic logic;Neurons;Bayes methods;Complexity theory;Image recognition,"In order to reduce overfitting for the image recognition application, this paper proposes a novel regularization learning algorithm for deep learning. Above all, we propose a novel probabilistic representation for explaining the architecture of Deep Neural Networks (DNNs), which demonstrates that the hidden layers close to the input formulate prior distributions, thus DNNs have an explicit regularization, namely the prior distributions. Furthermore, we show that the backpropagation learning algorithm is the reason for overfitting because it cannot guarantee precisely learning the prior distribution. Based on the proposed theoretical explanation for deep learning, we propose a novel regularization learning algorithm for DNNs. In contrast to most existing regularization methods reducing overfitting by decreasing the training complexity of DNNs, the proposed method reduces overfitting through training the corresponding prior distribution in a more efficient way, thereby deriving a more powerful regularization. Simulations demonstrate the proposed probabilistic representation on a synthetic dataset and validate the proposed regularization on the CIFAR-10 dataset.",Machine Learning on Image Processing,2019,10.1109/ICMLA.2019.00010,X. Lan; K. Barner
2,GRAM: Gradient Rescaling Attention Model for Data Uncertainty Estimation in Single Image Super Resolution,Image restoration;Neural networks;Machine learning; Uncertainty;Image resolution;Neural networks;Computational modeling;Training;Task analysis;Computer vision,"In this paper, a new learning method to quantify data uncertainty without suffering from performance degradation in Single Image Super Resolution (SISR) is proposed. Our work is motivated by the fact that the idea of loss design for capturing uncertainty and that for solving SISR are contradictory. As to capturing data uncertainty, we often model the output of a network as a Euclidian distance divided by a predictive variance, negative log-likelihood (NLL) for the Gaussian distribution, so that images with high variance have less impact on training. On the other hand, in the SISR domain, recent works give more weights to the loss of challenging images to improve the performance by using attention models. Nonetheless, the conflict should be handled to make neural networks capable of predicting the uncertainty of a super-resolved image, without suffering from performance degradation. Therefore, we propose a method called Gradient Rescaling Attention Model (GRAM) that combines both attempts effectively. Since variance may reflect the difficulty of an image, we rescale the gradient of NLL by the degree of variance. Hence, the neural network can focus on the challenging images, similarly to attention models. We conduct performance evaluation using standard SISR benchmarks in terms of peak signal-noise ratio (PSNR) and structural similarity (SSIM). The experimental results show that the proposed gradient rescaling method generates negligible performance degradation compared to SISR outputs with the Euclidian loss, whereas NLL without attention degrades the SR quality.",Machine Learning on Image Processing,2019,10.1109/ICMLA.2019.00011,C. Lee; K. -S. Chung
3,Through-Wall Pose Imaging in Real-Time with a Many-to-Many Encoder/Decoder Paradigm,radio frequency;computer vision;CNN;RPN;LSTM;pose reconstruction;many-to-many imaging;radar; Radio frequency;Antenna arrays;Imaging;Reflection;Three-dimensional displays;RF signals;Machine learning,"Overcoming the visual barrier and developing ""see-through vision"" has been one of mankind's long-standing dreams. Unlike visible light, Radio Frequency (RF) signals penetrate opaque obstructions and reflect highly off humans. This paper establishes a deep-learning model that can be trained to reconstruct continuous video of a 15-point human skeleton even through visual occlusion. The training process adopts a student/teacher learning procedure inspired by the Feynman learning technique, in which video frames and RF data are first collected simultaneously using a co-located setup containing an optical camera and an RF antenna array transceiver. Next, the video frames are processed with a computer-vision-based gait analysis ""teacher"" module to generate ground-truth human skeletons for each frame. Then, the same type of skeleton is predicted from corresponding RF data using a ""student"" deep-learning model consisting of a Residual Convolutional Neural Network (CNN), Region Proposal Network (RPN), and Recurrent Neural Network with Long-Short Term Memory (LSTM) that 1) extracts spatial features from RF images, 2) detects all people present in a scene, and 3) aggregates information over many time-steps, respectively. The model is shown to both accurately and completely predict the pose of humans behind visual obstruction solely using RF signals. Primary academic contributions include the novel many-to-many imaging methodology, unique integration of RPN and LSTM networks, and original training pipeline.",Machine Learning on Image Processing,2019,10.1109/ICMLA.2019.00012,K. Meng; Y. Meng
4,Domain Mixture: An Overlooked Scenario in Domain Adaptation,Domain Adaptation;Domain Mixture;Convolutional Neural Network;Gradient Reversal; Training;Standards;Feature extraction;Robots;Machine learning;Task analysis;Optimization,"An image based object classification system trained on one domain usually shows decreased performance for other domains if data distributions differ significantly. There exist various domain adaptation approaches that improve generalization between domains. However, those approaches consider during transfer only the restricted setting where supervised samples of all competing classes are available from the source domain. We investigate here the more open and so far overlooked scenario, where during training only a subset of all competing classes is shown in one domain and another subset in another domain. We show the unexpected tendency of a deep learning classifier to use the domain origin as a prominent feature, which is resulting in a poor performance when testing on samples of unseen domain-class combinations. With an existing domain adaptation method this issue can be overcome, while additional unsupervised data of all unseen domain-class combinations is not essential. First results of this overlooked scenario are extensively discussed on a modified MNIST benchmark.",Machine Learning on Image Processing,2019,10.1109/ICMLA.2019.00013,S. Schrom; S. Hasler
5,Particle Detector Simulation using Generative Adversarial Networks with Domain Related Constraints,Deep learning;Generative Adversarial Networks;High Energy Physics; Training;Detectors;Generators;Gallium nitride;Physics;Generative adversarial networks;Dynamic range,"Generative Adversarial Networks have been used extensively to generate high resolution images in different fields. The present work explores the adversarial paradigm to train a deep neural network as a tool for scientific simulation, more specifically, simulation of High Energy Physics detectors. At the core of this approach lies the possibility to interpret the detector response as an image: the main challenges being represented by the large pixel intensity dynamic range (spanning over more than ten orders of magnitude) together with a high level of image sparsity. An initial prototype [1] simulated electrons travelling through an example electromagnetic calorimeter and depositing energy in its volume. It achieved very good results using an adversarial approach to reproduce a simplified physics use case. The present work extends the model to a more complex and realistic scenario: the conditioning approach is modified to include additional physics variables, the network architecture is adjusted to take into account larger image size and more complex pixel dynamic features, the cost function is re-designed in order to include physics based constraints. We ntroduce a multi-step training process based on transfer learning, by initially optimizing the network performance on a restricted particle energy range (therefore, a simplified pixel intensity distribution). Further training the network on the full energy range yields very good results, without the need of additional optimization. Beyond a qualitative visual inspection, the validation of GAN performance is based on a detailed comparison to standard Monte Carlo simulation in terms of several physics quantities: results show a remarkable agreement, ranging from a few percent up to 10% across a large particle energy range.",Machine Learning on Image Processing,2019,10.1109/ICMLA.2019.00014,G. R. Khattak; S. Vallecorsa; F. Carminati; G. M. Khan
6,PI-LSTM: Physics-Infused Long Short-Term Memory Network,"Hybrid Models, Long Short-Term Memory, Physics-Based Model, Hybrid Modeling Metrics and Standard Problems.; Mathematical model;Predictive models;Physics;Data models;Computer architecture;Microprocessors;Machine learning","We introduce a novel machine learning-based fusion model termed as PI-LSTM (Physics-Infused Long Short-Term Memory Networks) that integrates first principle Physics-Based Models and Long Short-Term Memory (LSTM) network. Our architecture aims at combining equation-based models with data-driven machine learning models to enable accurate predictions of complex dynamic systems. In this hybrid architecture, recurrency aids the temporal memory of the inputs and output of the partial physics model, in a way that facilitates generalization with scarce data sets. We illustrate the application of PI-LSTM on two dynamical systems namely Inverted Pendulum and Tumor Growth. Empirical results on both test problems stand witness to the effectiveness of using physics in guiding machine learning models and the superiority of the outlined hybrid model over purely data-driven models.",Deep Learning Algorithms (I),2019,10.1109/ICMLA.2019.00015,S. K. Singh; R. Yang; A. Behjat; R. Rai; S. Chowdhury; I. Matei
7,Enhancing Decision Tree Based Interpretation of Deep Neural Networks through L1-Orthogonal Regularization,explainability;deep learning;neural networks;xai;regularization;decision tree;artificial intelligence;machine learning; Training;Neurons;Decision trees;Artificial neural networks;Machine learning;Data mining,"One obstacle that so far prevents the introduction of machine learning models primarily in critical areas is the lack of explainability. In this work, a practicable approach of gaining explainability of deep artificial neural networks (NN) using an interpretable surrogate model based on decision trees is presented. Simply fitting a decision tree to a trained NN usually leads to unsatisfactory results in terms of accuracy and fidelity. Using L1-orthogonal regularization during training, however, preserves the accuracy of the NN, while it can be closely approximated by small decision trees. Tests with different data sets confirm that L1-orthogonal regularization yields models of lower complexity and at the same time higher fidelity compared to other regularizers.",Deep Learning Algorithms (I),2019,10.1109/ICMLA.2019.00016,N. Schaaf; M. Huber; J. Maucher
8,Leveraging Semi-Supervised Learning for Fairness using Neural Networks,Fairness;Neural Networks;Semi-supervised Learning; Machine learning;Neural networks;Machine learning algorithms;Training;Data models;Semisupervised learning;Computer science,"There has been a growing concern about the fairness of decision-making systems based on machine learning. The shortage of labeled data has been always a challenging problem facing machine learning based systems. In such scenarios, semi-supervised learning has shown to be an effective way of exploiting unlabeled data to improve upon the performance of model. Notably, unlabeled data do not contain label information which itself can be a significant source of bias in training machine learning systems. This inspired us to tackle the challenge of fairness by formulating the problem in a semi-supervised framework. In this paper, we propose a semi-supervised algorithm using neural networks benefiting from unlabeled data to not just improve the performance but also improve the fairness of the decision-making process. The proposed model, called SSFair, exploits the information in the unlabeled data to mitigate the bias in the training data.",Deep Learning Algorithms (I),2019,10.1109/ICMLA.2019.00017,V. Noroozi; S. Bahaadini; S. Sheikhi; N. Mojab; P. S. Yu
9,Efficient Evolutionary Architecture Search for CNN Optimization on GTSRB,CNN;Optimization;EAS;GTSRB;Machine Learning; Computer architecture;Sociology;Statistics;Neural networks;Optimization;Two dimensional displays;Task analysis,"Neural network inference on embedded devices has to meet accuracy and latency requirements under tight resource constraints. The design of suitable network architectures is a challenging and time-consuming task. Therefore, automatic discovery and optimization of neural networks is considered important for continuing the trend of moving classification tasks from cloud to edge computing. This paper presents an evolutionary method to optimize a convolutional neural network (CNN) architecture for classification tasks. The method runs efficiently on a single GPU-workstation and provides simple means to direct the tradeoff between complexity and accuracy of the evolved network. Using this method, we achieved a 11x reduction in the number of multiply-accumulate (MAC) operations of the winning network for the German Traffic Sign Recognition Benchmark (GTSRB) without accuracy reduction. An ensemble of four of our evolved networks competes the winning ensemble with a 0.1% lower accuracy but 70x reduction in MACs and 14x reduction in parameters.",Deep Learning Algorithms (I),2019,10.1109/ICMLA.2019.00018,F. M. Johner; J. Wassner
10,Temporal Modeling of Deterioration Patterns and Clustering for Disease Prediction of ALS Patients,"Amyotrophic lateral sclerosis (ALS), prediction, deterioration, temporal models, sequential pattern mining, sequence clustering, classification; Predictive models;Diseases;Radio frequency;Data mining;Itemsets;Hidden Markov models","Amyotrophic lateral sclerosis (ALS) is a neurodegenerative disease, lasting from the day of onset until death. Factors such as the progression rate and pattern of the disease vary greatly among patients, making it difficult to achieve accurate predictions about ALS. To accurately predict ALS disease state and deterioration, we propose a novel approach that combines: a) sequence clustering based on dynamic time warping for separation among patients with diverse ALS deterioration patterns, b) sequential pattern mining for discovery of deterioration changes that patients of the same type may have in common, and c) deterioration-based patient next-state prediction. Using a clinical dataset, we demonstrate the advantage of the proposed approach in terms of classification accuracy and deterioration detection compared to other classification methods and temporal models such as long short-term memory.",Temporal and Structural Modeling,2019,10.1109/ICMLA.2019.00019,D. Halbersberg; B. Lerner
11,A Deep Structural Model for Analyzing Correlated Multivariate Time Series,"structural time series, CNN, LSTM, forecast; Time series analysis;Market research;Feature extraction;Predictive models;Two dimensional displays;Correlation;Mathematical model","Multivariate time series are routinely encountered in real-world applications, and in many cases, these time series are strongly correlated. In this paper, we present a deep learning structural time series model which can (i) handle correlated multivariate time series input, and (ii) forecast the targeted temporal sequence by explicitly learning/extracting the trend, seasonality, and event components. The trend is learned via a 1D and 2D temporal CNN and LSTM hierarchical neural net. The CNN-LSTM architecture can (i) seamlessly leverage the dependency among multiple correlated time series in a natural way, (ii) extract the weighted differencing feature for better trend learning, and (iii) memorize the long-term sequential pattern. The seasonality component is approximated via a non-liner function of a set of Fourier terms, and the event components are learned by a simple linear function of regressor encoding the event dates. We compare our model with several state-of-the-art methods through a comprehensive set of experiments on a variety of time series data sets, such as forecasts of Amazon AWS Simple Storage Service (S3) and Elastic Compute Cloud (EC2) billings, and the closing prices for corporate stocks in the same category.",Temporal and Structural Modeling,2019,10.1109/ICMLA.2019.00020,C. Hu; Y. Hu; S. Seo
12,Recurrent Dilated DenseNets for a Time-Series Segmentation Task,"dilated kernels, DenseNet, time-series segmentation, wafer-edge analysis; Kernel;Computer architecture;Task analysis;Recurrent neural networks;Image edge detection;Standards","Efficient real-time segmentation and classification of time-series data is key in many applications, including sound and measurement analysis. We propose an efficient convolutional recurrent neural network (CRNN) architecture that is able to deliver improved segmentation performance at lower computational cost than plain RNN methods. We develop a CNN architecture, using dilated DenseNet-like kernels and implement it within the proposed CRNN architecture. For the task of online wafer-edge measurement analysis, we compare our proposed methods to standard RNN methods, such as Long Short Term Memory (LSTM) and Gated Recurrent Units (GRUs). We focus on small models with a low computational complexity, in order to run our model on an embedded device. We show that frame-based methods generally perform better than RNNs in our segmentation task and that our proposed recurrent dilated DenseNet achieves a substantial improvement of over 1.1 % F1-score compared to other frame-based methods.",Temporal and Structural Modeling,2019,10.1109/ICMLA.2019.00021,A. Fuchs; R. Priewald; F. Pernkopf
13,State Summarization of Video Streams for Spatiotemporal Query Matching in Complex Event Processing,Video Streams;Pattern Detection;Complex Event Processing;Spatiotemporal Operators;Graphs Summarization; Streaming media;Automobiles;Spatiotemporal phenomena;Microsoft Windows;Feature extraction;Cameras;Image edge detection,"Modelling complex events in unstructured data like videos not only requires detecting objects but also the spatiotemporal relationships among objects. Complex Event Processing (CEP) systems discretize continuous streams into fixed batches using windows and apply operators over these batches to detect patterns in real-time. To this end, we apply CEP techniques over video streams to identify spatiotemporal patterns by capturing window state. This work introduces a novel problem where an input video stream is converted to a stream of graphs which are aggregated to a single graph over a given state. Incoming video frames are converted to a timestamped Video Event Knowledge Graph (VEKG) [1] that maps objects to nodes and captures spatiotemporal relationships among object nodes. Objects coexist across multiple frames which leads to the creation of redundant nodes and edges at different time instances that results in high memory usage. There is a need for expressive and storage efficient graph model which can summarize graph streams in a single view. We propose Event Aggregated Graph (EAG), a summarized graph representation of VEKG streams over a given state. EAG captures different spatiotemporal relationships among objects using an Event Adjacency Matrix without replicating the nodes and edges across time instances. These enable the CEP system to process multiple continuous queries and perform frequent spatiotemporal pattern matching computations over a single summarised graph. Initial experiments show EAG takes 68.35% and 28.9% less space compared to baseline and state of the art graph summarization method respectively. EAG takes 5X less search time to detect pattern as compare to VEKG stream.",Temporal and Structural Modeling,2019,10.1109/ICMLA.2019.00022,P. Yadav; D. P. Das; E. Curry
14,RF Transmitter Fingerprinting Exploiting Spatio-Temporal Properties in Raw Signal Data,RF fingerprinting;supervised learning;recurrent neural network;software defined radios; Radio transmitters;Logic gates;Recurrent neural networks;Computer architecture;Microprocessors;Radio frequency;Task analysis,"The recent advances of wireless technologies in RF environments coupled with large scale usage of such technologies has warranted more autonomous deployments of wireless systems. Machine learning techniques, that include recurrent structures, have shown promise in creating such autonomous deployments using the idea of Radio Frequency Machine Learning (RFML). In large scale autonomous deployments of wireless communication networks, the signals received from one component play a crucial role in the decision making process of other components. In order to efficiently implement such systems each component of the network should be uniquely identifiable. In this paper we propose a transmitter fingerprinting technique for radio device identification using recurrent structures, by exploiting the temporal property of the received radio signal. We design and implement three recurrent neural networks (RNNs) using different types of cell models: (i) long short term memory (LSTM); (ii) gated recurrent unit (GRU) and (iii) convolutional long short term memory (ConvLSTM), for this task. We program 8 universal software radio peripheral (USRP) software defined radios (SDRs) as transmitters and collect over-the-air raw in-phase (I) and quadrature (Q) (I/Q) time series data from them using a DVB-T RTL-SDR receiver, in a laboratory setting. We exploit both the temporal variations as well as the inherent spatial dependencies in the collected I/Q time series data, to learn unique feature representations and use these as ""fingerprints'"" for identifying the transmitters. Experimental results reveal that the RNNs with LSTM, GRU, and ConvLSTM cells are able to correctly distinguish between the 8 transmitters with 92%, 95.3%, 97.2% accuracy respectively.",Temporal and Structural Modeling,2019,10.1109/ICMLA.2019.00023,D. Roy; T. Mukherjee; M. Chatterjee; E. Pasiliao
15,Brown Planthopper Damage Detection using Remote Sensing and Machine Learning,"Remote Sensing, Deep Neural Networks, Support Vector Machine, Agriculture, Rice, Brown Planthopper, Synthetic Aperture Radar; Remote sensing;Agriculture;Synthetic aperture radar;Diseases;Optical sensors;Optical imaging;Time series analysis","Every year paddy cultivators lose a significant amount of crop yield due to diseases and pests. Brown Planthopper (BPH) is one of the most common diseases that affect paddy cultivation. Sri Lankan government is struggling to make appropriate estimations regarding Brown Planthopper prevalence due to the absence of accurate and timely data. To solve this issue, a machine learning approach is proposed based on optical and synthetic aperture radar remote sensing data in this study. However, there is no previous effort for detecting Brown Planthopper attacks using machine learning and satellite remote sensing data under field conditions. This study consists of two phases. A time series classification based on SAR imagery is implemented to identify cultivated paddy fields in the first phase. Ratio and standard difference indices derived from optical satellite images are used in the second phase to identify regions affected by BPH attacks in paddy fields. Convolution neural network that is used in the first phase reports an accuracy of 96.20% for identifying cultivated paddy regions. A Support Vector Machine is used to detect areas damaged by BPH attacks in the second phase. The Combined approach of the first and the second phases shows promising results with an accuracy of 96.31% for detecting Brown Planthopper attacks.",Recognition and Detection,2019,10.1109/ICMLA.2019.00024,D. Lakmal; K. Kugathasan; V. Nanayakkara; S. Jayasena; A. S. Perera; L. Fernando
16,Generative Feature Models and Robustness Analysis for Multimedia Content Classification,content classification;streaming media;metadata;neural networks;distributions; Motion pictures;Metadata;Videos;Training;YouTube;Machine learning;Computational modeling,"Automatic content classification is an essential problem for multimedia applications. In this paper, we present a metadata synthesis approach, using real-world distributions, and a machine learning (ML) model for classifying content for local and streaming sources. The synthetic metadata is used to train a neural network. The neural network is then able to classify content (e.g., movies, voice, and music) based on real metadata from YouTube and local content. We demonstrate high accuracy ~ 90% with low latency (viz., on an average 7 ms). We also identified the contribution of each synthetic metadata feature towards the classification performance on real-world content.",Recognition and Detection,2019,10.1109/ICMLA.2019.00025,S. Bharitkar
17,Bimodal Emotion Recognition Based on Audio and Facial Parts Using Deep Convolutional Neural Networks,"Expression recognition, audio features, visual features, facial parts; Feature extraction;Emotion recognition;Visualization;Support vector machines;Convolutional neural networks;Videos;Computed tomography","Emotion recognition based on multiple information channels has recently received significant attention. Some examples of multimodal emotion recognition applications include online learning, entertainment, biometric systems, human-computer interactions, interpersonal relations, and behavior prediction. Two natural and effective ways to express emotions in human-human interaction are speech and facial expressions. In this work, we develop and evaluate a hybrid deep convolutional neural network (CNN) to extract audio and visual features from videos. An audio signal is converted into an image representation as input to a 2D convolutional neural network, whereas visual information is extracted from parts of the face. We then fuse both audio and visual features, reducing them through Principal Component Analysis (PCA) and Linear Discriminant Analysis (LDA). Finally, K-Nearest Neighbor (K-NN), Support Vector Machine (SVM), Logistic Regression (LR) and Gaussian Naive Bayes (GNB) classifiers are employed for emotion recognition. Experiments are conducted on RML, eNTERFACE05 and BAUM-1s datasets. Results show that our model achieved competitive recognition rates compared to approaches available in the literature.",Recognition and Detection,2019,10.1109/ICMLA.2019.00026,J. Cornejo; H. Pedrini
18,Predicting Futures Market Movement using Deep Neural Networks,Deep Learning;Neural Networks;Financial Market Prediction; Predictive models;Bars;Neural networks;Data models;Feature extraction;Machine learning;Market research,"Recently there have been many efforts to study the predictability of financial market trend using various machine learning approaches. In this paper we explore the idea of using deep neural networks to analyze and predict futures market movements. Our approach adopts deep long short term memory (LSTM) as the main model architecture and predicts futures market movement using augmented market trading data. Training and testing of our model is performed in a rolling fashion to ensure the validity and reliability of the prediction. We discuss the design trade-off of several configurations and variations of our model, and evaluate the impact of various parameter choices as well as how model and backtesting perform under different parameter settings. We further design and implement a complete trading platform to evaluate our approach. Backtesting and live paper trading of our model on this platform achieves promising returns. Moreover, a total return of 58.69% is obtained with live paper trading for a twelve-month period when taking into account of slippage and commissions, which demonstrates the effectiveness of our proposed approach.",Machine Learning on Finance and Marketing,2019,10.1109/ICMLA.2019.00027,T. Sun; J. Wang; J. Ni; Y. Cao; B. Liu
19,DeepTrax: Embedding Graphs of Financial Transactions,Graphs;Representation Learning;Financial Services;Unsupervised Learning;Embeddings; Training;Bipartite graph;Microsoft Windows;Task analysis;Machine learning;Credit cards,"Financial transactions can be considered edges in a heterogeneous graph between entities sending money and entities receiving money. For financial institutions, such a graph is likely large (with millions or billions of edges) while also sparsely connected. It becomes challenging to apply machine learning to such large and sparse graphs. Graph representation learning seeks to embed the nodes of a graph into a euclidean vector space such that graph topological properties are preserved after the transformation. In this paper, we present a novel application of representation learning to bipartite graphs of credit card transactions in order to learn embeddings of account and merchant entities. Our framework is inspired by popular approaches in graph embeddings and is trained on two internal transaction datasets. This approach yields highly effective embeddings, as quantified by link prediction AUC and F1 score. Further, the resulting entity vectors retain intuitive semantic similarity that is explored through visualizations and other qualitative analyses. Finally, we show how these embeddings can be used as features in downstream machine learning business applications such as fraud detection.",Machine Learning on Finance and Marketing,2019,10.1109/ICMLA.2019.00028,A. Khazane; J. Rider; M. Serpe; A. Gogoglou; K. Hines; C. B. Bruss; R. Serpe
20,An Industry Case of Large-Scale Demand Forecasting of Hierarchical Components,Demand forecasting;machine learning;electronics manufacturing;hierarchical structures; Time series analysis;Demand forecasting;Predictive models;Industries;Data models;Machine learning,"Demand forecasting of hierarchical components is essential in manufacturing. However, its discussion in the machine-learning literature has been limited, and judgemental forecasts remain pervasive in the industry. Demand planners require easy-to-understand tools capable of delivering state-of-the-art results. This work presents an industry case of demand forecasting at one of the largest manufacturers of electronics in the world. It seeks to support practitioners with five contributions: (1) A benchmark of fourteen demand forecast methods applied to a relevant data set, (2) A data transformation technique yielding comparable results with state of the art, (3) An alternative to ARIMA based on matrix factorization, (4) A model selection technique based on topological data analysis for time series and (5) A novel data set. Organizations seeking to up-skill existing personnel and increase forecast accuracy will find value in this work.",Machine Learning on Finance and Marketing,2019,10.1109/ICMLA.2019.00029,R. Rivera-Castro; I. Nazarov; Y. Xiang; I. Maksimov; A. Pletnev; E. Burnaev
21,Risk-Based Dynamic Pricing via Failure Prediction,"Failure Prediction, Dynamic Pricing, Operation Optimization; Pricing;Predictive models;Data models;Maintenance engineering;Companies;Industries","Equipment-as-a-service is gaining popularity in industries as it provides the customers with high flexibility and scalability and allows the service provider to optimize operations so that both the service provider and the customers are benefited. However, pricing modeling is a critical challenge in EaaS due to the change of business objectives from selling products to providing services. Particularly, EaaS faces severe high-cost issues as unexpected equipment failures can result in expensive downtime costs. In this paper, we take advantage of Failure Prediction (FP) in Predictive Maintenance (PdM) domain and Dynamic Pricing to build a hybrid model that balances cost and benefit for EaaS. First, we build a Gradient Boosting based FP model to predict failure probabilities. Then a Risk-based Dynamic Pricing (RBDP) model uses the confusion matrix of FP to estimate the cost effects of predicted failures with a constrained objective function. Finally, the FP model and RBDP model are trained simultaneously to minimize the objective function so that it compensates for the failure cost and maximize the overall profit gain. The proposed hybrid modeling approach is compared with traditional FP without pricing policy approach, and FP with a static pricing policy approach to show significant improvements in profit increases.",Machine Learning on Finance and Marketing,2019,10.1109/ICMLA.2019.00030,C. Zhang; C. Gupta; S. Joichi; A. Farahat; H. Shao
22,Learning to Propose Amendments: Identifying Patterns in the Right to Information Query Log,Right to Information;Graded Response Model;Transparency; Data models;Government;Analytical models;Data collection;Mathematical model;IEEE Constitution;Predictive models,"The Right to Information (RTI) Act 2005 provides Indian citizens with the platform to access information present in government offices. Every government office has the RTI query-log data containing citizens' interaction with the government. The objective of this work is to analyze the RTI query-log data to identify underlying latent patterns such that the identified latent patterns have the potential to act as feedback for amendments to laws. We, for the first time, collect RTI queries and reply-statistics from government educational institutions across India. Three latent patterns are quantified namely (i) transparency of institutions from RTI query-reply statistics (ii) factors that influence the transparency of institutions (iii) effectiveness of implementation of the RTI act. A two-dimensional institute-query-category matrix representation of the RTI data is proposed. The above three latent parameters are simultaneously quantified via maximum likelihood estimation of the data matrix using Graded Response Model. Through the extracted latent patterns we identify inconsistencies in the execution of the RTI act and indicate a feedback for potential amendment to the RTI act.",Text Analytics,2019,10.1109/ICMLA.2019.00031,N. Kotoky; V. Saradhi
23,Unsupervised Topic Model Based Text Network Construction for Learning Word Embeddings,Topic Model;Unsupervised Text Analysis;Learning Word Embeddings;LDA;Document Clustering;Document Topic Information Network; Task analysis;Semantics;Context modeling;Neural networks;Linear programming;Predictive models;Buildings,"Distributed word embeddings have proven remarkably effective at capturing word level semantic and syntactic regularities in language for many natural language processing tasks. One recently proposed semi-supervised representation learning method called Predictive Text Embedding (PTE) utilizes both semantically labeled and unlabeled data in information networks to learn the embedding of text that produces state of-the-art performance when compared to other embedding methods. However, PTE uses supervised label information to construct one of the networks and many other possible ways of constructing such information networks are left untested. We present two unsupervised methods that can be used in constructing a large scale semantic information network from documents by combining topic models that have emerged as a powerful technique of finding useful structure in an unstructured text collection as it learns distributions over words. The first method uses Latent Dirichlet Allocation (LDA) to build a topic model over text, and constructs a word topic network with edge weights proportional to the word-topic probability distributions. The second method trains an unsupervised neural network to learn the word-document distribution, with a single hidden layer representing a topic distribution. The two weight matrices of the neural net are directly reinterpreted as the edge weights of heterogeneous text networks that can be used to train word embeddings to build an effective low dimensional representation that preserves the semantic closeness of words and documents for NLP tasks. We conduct extensive experiments to evaluate the effectiveness of our methods.",Text Analytics,2019,10.1109/ICMLA.2019.00032,S. S. Chung; M. D'Arcy
24,Entity Set Expansion for Detecting Fashion Trends,"synonym, word2vec, dependency parser, entity set expansion, fashion, search, trends, retail; Market research;Training;Encyclopedias;Electronic publishing;Internet;Vocabulary","The Fashion industry revolves around Fashion trends. Designers and merchandisers plan products based on predicted trends, and online catalogs sell new trends to customers. An important part of tracking trends is tracking the ever-evolving fashion terminology. We tackle this problem by expanding a given fashion entity set using automatic synonym discovery in an external fashion related corpus, thus adding new terms to the fashion vocabulary. This paper presents supervised methods for synonym discovery that modify two unsupervised methods based on linear and non-linear contexts, respectively. We demonstrate that the task of synonym discovery benefits from using non-linear context as opposed to linear contexts for learning word embeddings.",Text Analytics,2019,10.1109/ICMLA.2019.00033,S. Sarkar; M. Parmar; S. Sandhu
25,Collaborative Attentive Autoencoder for Scientific Article Recommendation,"Recommender systems, Matrix factorization, Deep learning, Autoencoder, Attention mechanism; Predictive models;Data models;Collaboration;Mathematical model;Machine learning;Matrix decomposition;Probabilistic logic","Matrix Factorization (MF) is a successful collaborative filtering approach used in recommendation systems. However, its performance decreases significantly when users of the system have limited, inadequate feedback data. This problem is also known as the data sparsity problem. To handle this problem, hybrid approaches were proposed recently to integrate items' contextual information with MF-based approaches, which improved the performance of recommendations. Nevertheless, learning better representation of the items' contents is still a challenge that needs to be further enhanced. In this paper, we propose a Collaborative Attentive Autoencoder (CATA) that learns latent factors of items through an attention mechanism that can capture the most pertinent part of information for making better recommendations. Comprehensive experiments on two real-world datasets have shown our method performs better than the state-of-the-art models according to various evaluation metrics.",Text Analytics,2019,10.1109/ICMLA.2019.00034,M. Alfarhood; J. Cheng
26,Radar-Based Human Target Detection using Deep Residual U-Net for Smart Home Applications,60 GHz mm-wave radar;deep residual UNet;Receiver Operating Characteristics;Detection Strategy;DBSCAN;People Counting; Chirp;Radar antennas;Doppler radar;Object detection;Pipelines;Clustering algorithms,"We present a radar-based detection processing framework for accurate detection and counting of human targets in an indoor environment. This can be used to control lighting, heating, ventilation and air conditioning (HVAC) in smart homes and other presence related loads in commercial, office, and public spaces. Such smart home applications can facilitate monitoring, controlling, and saving energy. Conventionally, the radar range-Doppler processing pipeline includes moving target indicators (MTI) to remove static targets, maximal ratio combining (MRC) to integrate data across antennas, constant false alarm rate (CFAR) based detectors and then clustering algorithms to generate the target range-Doppler detections. However, the conventional pipeline suffers from ghost targets and multi-path reflections from static objects such as walls, furniture, etc. Further, conventional parametric clustering algorithms lead to single target splits and adjacent target merges in the target range-Doppler detections. To overcome such issues, we propose a deep residual U-net architecture that generates human target detections directly from static target removed range-Doppler images (RDI). To train this network, we record RDIs from a variety of indoor scenes with different configurations and multiple humans targets. We devise a custom loss function and apply augmentation strategies to generalize this model during real-time inference of the model. We demonstrate that the proposed network can efficiently learn to detect and correctly count human targets under different indoor environments while the conventional signal processing pipeline fails.",Recognition and Detection in Computer Vision,2019,10.1109/ICMLA.2019.00035,M. Stephan; A. Santra
27,Spatio-Temporal FAST 3D Convolutions for Human Action Recognition,"3D Convolutions, space-time, action recognition, decoupled; Three-dimensional displays;Kernel;Convolutional codes;Two dimensional displays;Solid modeling;Benchmark testing;Optical imaging","Effective processing of video input is essential for the recognition of temporally varying events such as human actions. Motivated by the often distinctive temporal characteristics of actions in either horizontal or vertical direction, we introduce a novel convolution block for CNN architectures with video input. Our proposed Fractioned Adjacent Spatial and Temporal (FAST) 3D convolutions are a natural decomposition of a regular 3D convolution. Each convolution block consist of three sequential convolution operations: a 2D spatial convolution followed by spatio-temporal convolutions in the horizontal and vertical direction, respectively. Additionally, we introduce a FAST variant that treats horizontal and vertical motion in parallel. Experiments on benchmark action recognition datasets UCF-101 and HMDB-51 with ResNet architectures demonstrate consistent increased performance of FAST 3D convolution blocks over traditional 3D convolutions. The lower validation loss indicates better generalization, especially for deeper networks. We also evaluate the performance of CNN architectures with similar memory requirements, based either on Two-stream networks or with 3D convolution blocks. DenseNet-121 with FAST 3D convolutions was shown to perform best, giving further evidence of the merits of the decoupled spatio-temporal convolutions.",Recognition and Detection in Computer Vision,2019,10.1109/ICMLA.2019.00036,A. Stergiou; R. Poppe
28,Fall Detection in Video Sequences Based on a Three-Stream Convolutional Neural Network,"Fall detection, multi-stream neural networks, optical flow, saliency, video, deep learning; Support vector machines;Feature extraction;Sensitivity;Optical computing;Shape;Optical flow","Human falls are more susceptible in advanced ages and the second most common cause of accidental death to elders, because of the later detecting falls became a crucial research topic to an aging population. To this effect, we propose and evaluate the employment of a multi-stream approach to detect fall events. Three features (optical flow, saliency map, and RGB data) fed to each stream of a VGG-16 and classified by an SVM of whether there was or not a fall event. Experiments are conducted on two datasets, URFD and FDD, achieving accuracy rates of 98.84% and 99.51%, respectively, which outperforms the majority of the reviewed solutions.",Recognition and Detection in Computer Vision,2019,10.1109/ICMLA.2019.00037,G. Leite; G. Silva; H. Pedrini
29,Moving Cast Shadow Detection in Video Based on New Chromatic Criteria and Statistical Modeling,shadow detection;new chromatic criteria;shadow region detection;statistical shadow modeling; Image color analysis;Gaussian distribution;Color;Feature extraction;Computational modeling;Transportation;Reliability,"A novel moving cast shadow detection method is presented in this paper to detect and remove the cast shadows from the foreground. First, the foreground is detected using the global foreground modeling (GFM) method. Second, the moving cast shadow is detected and removed from the foreground using a new moving cast shadow detection method that contains four hierarchical steps. In the first step, a set of new chromatic criteria is presented to detect the candidate shadow pixels in the HSV color space. In the second step, a new shadow region detection method is proposed to cluster the candidate shadow pixels into shadow regions. In the third step, a statistical shadow model, which uses a single Gaussian distribution to model the shadow class, is presented to classify shadow pixels. In the last step, an aggregated shadow detection method is presented for final shadow detection. Experiments using the public video data 'Highway-3' and the real traffic data from the New Jersey Department of Transportation (NJDOT) show the feasibility of the proposed method.",Recognition and Detection in Computer Vision,2019,10.1109/ICMLA.2019.00038,H. Shi; C. Liu
30,Towards Real-Time Detection and Mitigation of Driver Frustration using SVM,computer vision;driver monitoring;emotion recognition;support vector machine; Vehicles;Task analysis;Support vector machines;NASA;Color;Data collection;Facial features,"Driving in stressful and frustrating situations remains a common issue in daily traffic scenarios and has been shown to increase the risk for hazardous and aggressive driving style. Aiming to improve road safety with intelligent systems, frustration has to be detected continuously as well as robust and mitigation strategies must be applied effectively. Since both, the modeling of frustration over time as well as the design and timing of applications for frustration mitigation, are complex tasks, we divided this work in two parts: (1) A driving simulator experiment was conducted to collect a dataset and to validate a driving context related frustration induction method. With this dataset we developed a bimodal frustration detection for the driving context using a temporal support vector machine. The detection combines drivers' visual facial features with heart rate measurements and yields an accuracy of 88.7% (AUC of ROC). (2) We applied the real-time frustration detection in a second simulator study to evaluate two application scenarios for frustration mitigation, which include a frustration sensitive ambient light and an autonomous driving assistant. Both applications were examined for their frustration mitigating effect as well as in terms of user experience. The results provide a helpful basis to develop future intelligent frustration mitigation systems.",Recognition and Detection in Computer Vision,2019,10.1109/ICMLA.2019.00039,S. Zepf; T. Stracke; A. Schmitt; F. van de Camp; J. Beyerer
31,Pattern-RL: Multi-robot Cooperative Pattern Formation via Deep Reinforcement Learning,Multi Robot System;Multi agent;Reinforcement Learning;Pattern Formation;Cooperation; Robot kinematics;Pattern formation;Collision avoidance;Training;Machine learning;Task analysis,"Autonomous, arbitrary pattern formation is one of the most critical applications in multi-robot systems, where robots are required to form into circles, lines, and meshes or any other desired configuration. This task is important in military applications, search and rescue operations, and visual inspection of infrastructure and equipment tasks to name a few. Most existing works are very rigid, and only able to form certain shapes, where slight target changes can cause failure in the predefined pattern-specific rules and trigger algorithm redesign. We propose a novel, deep reinforcement learning-based method that generates general-purpose pattern formation strategies, in the form of deep neural networks (DNN), for any target pattern. Our method uses the trial-and-error feedback of each round of training to gradually generate the pattern formation strategy. Thus, robots are able to query the trained DNN model to select their optimal directions and speeds in a fully distributed manner. Considering that reinforcement learning models do not perform well with large state spaces and highly variant training samples, we employ auto-encoders to learn the condensed representation for each state and compute model-free policy gradients for arbitrary pattern formation. We experimentally show that groups of robots are able to form various general target patterns while minimizing the number of completion time steps.",Multi-agent and Robotics,2019,10.1109/ICMLA.2019.00040,J. Wang; J. Cao; M. Stojmenovic; M. Zhao; J. Chen; S. Jiang
32,Interpretable Approximation of a Deep Reinforcement Learning Agent as a Set of If-Then Rules,Reinforcement learning;car following;explainable AI;Fuzzy rules; Acceleration;Lead;Automobiles;Training;Learning (artificial intelligence);Machine learning;Task analysis,"In many industrial applications, one of the major bottlenecks in using advanced learning-based methods (such as reinforcement learning) for controls is the lack of interpretability of the trained agent. In this paper, we present a methodology for translating a trained reinforcement learning agent into a set of simple and easy to interpret if-then rules by using the proven universal approximation property of the rules with fuzzy predicates. Proposed methodology combines the optimality of reinforcement learning with interpretability of the theory of approximate reasoning, thus making reinforcement learning-based solutions more accessible to industrial practitioners. The framework presented in this paper has the potential to help address the fundamental problem in widespread adoption of reinforcement learning in industrial applications.",Multi-agent and Robotics,2019,10.1109/ICMLA.2019.00041,S. Nageshrao; B. Costa; D. Filev
33,A Hierarchical Model for StarCraft II Mini-Game,"StarCraft II, game, real time strategy game, hierarchical modeling, DQN, reinforcement learning; Games;Buildings;Planning;Task analysis;Learning (artificial intelligence);Minerals;Machine learning","StarCraft II is one of the most challenging real-time strategy games, due to huge action space, large observation space, imperfect information, etc. Therefore, it is hard to learn the full game of StarCraft II. To reduce the learning complexity, DeepMind and Blizzard released several mini-games, in which the BuildMarines mini-game is most challenging, due to long time horizons, partially-observed state, high-dimensional, continuous action space and observation space. In this paper, we propose a hierarchical modeling method to solve those challenges in BuildMarines mini-game. Our approach consists of two levels, combining learning-based (high-level) and rule-based (low-level) method. The learning-based method leverages DQN reinforcement learning algorithm, while the rule-based method leverages script to realize. Experimental results show that the proposed approach is effective for an agent to learn the long planning horizon game, BuildMarines.",Multi-agent and Robotics,2019,10.1109/ICMLA.2019.00042,T. Liu; X. Wu; D. Luo
34,Evaluating the Performance of the Deep Active Imitation Learning Algorithm in the Dynamic Environment of FIFA Player Agents,Deep Active Imitation;Imitation Learning;Games; Games;Electronics packaging;Machine learning;Engines;Training;Task analysis;Decision making,"Deep Learning is a state-of-the-art approach for machine learning using real-world or realist data. FIFA is a soccer simulation game that provides a very realistic environment, but which has been relatively poorly explored in the context of learned game-playing agents. This paper explores the Deep Active Imitation (DAI) learning strategy applied to a dynamic environment in FIFA game. DAI is a segment of Imitation Learning, which consists of a supervised Deep Learning training strategy where the agents learn by observing and replicating human experts' behavior. Noteworthy here is that such learning strategy has only been validated in static navigation scenarios in the sense that the environment is changed only through the actions of the agent. In this way, the main objective of the present work is to investigate the efficacy of DAI to cope with a dynamic FIFA scenario named confrontation mode. The agents were evaluated in terms of in-game score through tournaments against FIFA's engine. The results show that DAI performs well in the confrontation mode. Thus, this work indicates that such learning strategy can be used to solve complex problems.",Multi-agent and Robotics,2019,10.1109/ICMLA.2019.00043,M. Prado Prandini Faria; R. Maria Silva Julia; L. Bononi Paiva Tomaz
35,Shapley Value Approximation with Divisive Clustering,Shapley value;approximation;hierarchical clustering;cooperative game theory; Games;Runtime;Approximation algorithms;Clustering algorithms;Approximation methods;Partitioning algorithms;Game theory,"In cooperative game theory, the two foremost problems are determining what coalitions will form and how a coalition's payoff should be divided. The Shapley value, a proven fair and unique payoff distribution, has become a central solution concept in the field. Computing the Shapley value is exponential in the number of agents, however, and has motivated many practical approximation methods, only two of which apply to arbitrary cooperative games. We propose a Shapley value approximation method using hierarchical clustering that partitions coalitions based on agent feature similarity and then interpolates the subcoalitions' Shapley values. Additionally, the approximation is guaranteed to satisfy the Shapley value's desirable fairness properties of symmetry, efficiency, and often null player. With a low runtime, experimental error, and a tuning parameter for error-runtime trade-off, this algorithm is the most practical for cooperative games requiring fast, near-optimally fair payoff distributions.",Multi-agent and Robotics,2019,10.1109/ICMLA.2019.00044,K. Corder; K. Decker
36,Supervised Machine Learning Approach for Effective Supplier Classification,"supplier assessment, classification algorithms, machine learning; Analytical models;Support vector machines;Decision making;Machine learning algorithms;Classification algorithms;Data models;Logistics","Supplier assessment plays a critical role in the supply chain management, which involves the flow of goods and services from the initial stage (raw material procurement) to the final stage (delivery). Supplier assessment is a multi-criteria decision-making (MCDM) approach that requires several criteria for the proper assessment of the suppliers. When there are several criteria involved, it makes the supplier assessment process more complicated. For a comprehensive and robust assessment process, we propose the use of supervised machine learning algorithms to classify various suppliers into four categories: excellent, good, satisfactory, and unsatisfactory. In this paper, supervised learning (classification) algorithms are applied for a supplier assessment problem where a model is trained based on the previous historical data and then tested on the new unseen data set. This method will provide an efficient way for supplier assessment that is more effective in terms of accuracy and time when compared to MCDM approach. Classification algorithms such as support vector machines (with linear, polynomial and radial basis kernels), logistic regression, k-nearest neighbors, and naïve Bayes methods are used to train the model and their performance is assessed against a test data. Finally, the performance measures from all the classification methods are used to assess the best supplier.",Supervised Learning Applications,2019,10.1109/ICMLA.2019.00045,R. Harikrishnakumar; A. Dand; S. Nannapaneni; K. Krishnan
37,"Classifying, Detecting, and Predicting Infestation Patterns of the Brown Planthopper in Rice Paddies",pest classification;pest identification;infestation patterns;brown planthopper;neural network;prediction model; Conferences;Machine learning,"The brown planthopper (BPH), Nilaparvata lugens (Stål), is a pest responsible for widespread damage to rice plants throughout South, Southeast, and East Asia. It is estimated that 10-30% of yield loss in rice crops is attributable to the BPH. In this paper, we develop a method to detect and classify the forms of BPH using CNNs and then model the infestation migration patterns of BPH in several rice-growing regions by using a CNN-LSTMs learning model. This prediction model considers inputs such as wind speed and direction, humidity, ambient temperature, the use of pesticides, the form of BPH, strain of rice, and spacing between rice seedlings to make predictions on the spread of BPH infestations over time. The detection and classification model outperformed other known BPH classification models, providing accuracy rates of 89.33%. Our prediction model accurately modeled the BPH-affected area 82.65% of the time (as determined by lamp trap counts). These models can help detect, classify, and model the infestations of other agricultural pests, improving food security for rice, the staple crop that 900 million of the world's poor depend on for most of their calorie intake.",Supervised Learning Applications,2019,10.1109/ICMLA.2019.00046,C. Harris; Y. A. Trisyono
38,Reordering Genomic Sequences for Enhanced Classification via Compression Analytics,machine learning;genomic privacy;genomic security;genomic inference;compression;Louvain; Genomics;Bioinformatics;Sociology;Statistics;Compression algorithms;Privacy;Security,"The full implications of sharing genomic information are still largely unknown. Understanding what attributes can be inferred from available information is therefore a critical part of genomic privacy and security. We show that compression analytics are successful at classifying, or inferring, unknown attributes of genomic sequences without the need for a predefined feature set and with very little training data. Compression analytics perform best when predictable elements within a sequence are local; however, long range dependencies are ubiquitous in the human genome. We therefore consider a variety of schemes to reorder genomic sequences so as to localize predictable elements and improve the performance of compression analytics. Compression analytics on both native and reordered sequences are shown to outperform more traditional, feature-based machine learning approaches.",Supervised Learning Applications,2019,10.1109/ICMLA.2019.00047,C. Ting; R. Gooding; R. Field; J. Caswell
39,Educational Data Mining: Analysis of Drop out of Engineering Majors at the UnB - Brazil,Educational Data Mining;EDM;Machine Learning;Students dropout rate; Data mining;Engineering students;Data models;Predictive models;Prediction algorithms;Physics;Water,"This paper presents an analysis of data about the drop out of undergraduate engineering students at the University of Brasilia(UnB), Brazil. In Brazil, similar to other countries, there is a representative amount of engineering students that enroll in engineering majors, however, they don't get to graduate in those majors. Information about the reason for that phenomenon is important for action on the matter by university decisionmakers. This paper aims to answer the research question: What are the main factors that motivate engineering students to drop out of engineering majors at UnB? We have collected the social and performance data of engineering students from 2009 to 2019. Some of the data can be considered rare in similar studies, like students' distance from home to campus and factors like students' leave of absence requests rather than performance factors. We used three data mining techniques: Generalized Linear Model (GLM), Boosting algorithm (GBM) and Random Forest(RF). The results of the study showed that international students deserve some attention from the university and courses like Physics 1 can be challenging for engineering students.",Main Conference Poster Papers,2019,10.1109/ICMLA.2019.00048,R. da Fonseca Silveira; M. Holanda; M. de Carvalho Victorino; M. Ladeira
40,Using Text Mining to Categorize the Purpose of Public Spending for the Benefit of Transparency and Accountability,"Text mining, Accountability, Text Categorization, Support Vector Machine, Naïve Bayes, Dimensionality Reduction; Advertising;Data models;Support vector machines;Text mining;Task analysis","Advertising is a fundamental and structuring principle of Public Administration, standing out as an instrument of supervision and social control. In Brazil, public managers are required by law to be accountable and transparent to public spending, and the ""Tribunal de Contas"" (public controllership and finance) are responsible for overseeing and ensuring that the information provided is clear and complete. This paper presents a comparative study between the Support Vector Machine, Naïve Bayes, and Logistic Regression models to classify public spending according to the purpose of the expenditure, allowing to identify those that were omitted by managers. The constructed model detected 124 unpublished records totaling $ 3,1 million.",Main Conference Poster Papers,2019,10.1109/ICMLA.2019.00049,M. Barros de Jesus; G. Luiz da Silva; M. Ladeira; G. C. G. Van Erven
41,Leveraging Elastic Demand for Forecasting,demand forecasting;demand shaping;demand variance;supply planning; Forecasting;Pricing;Planning;Time series analysis;Optimization;Reactive power;Predictive models,"Demand variance can result in a mismatch between planned supply and actual demand. Demand shaping strategies such as pricing can be used to reduce the imbalance between supply and demand. In this work, we propose to consider the demand shaping factor in forecasting. We present a method to reallocate the historical elastic demand to reduce variance, thus making forecasting and supply planning more effective.",Main Conference Poster Papers,2019,10.1109/ICMLA.2019.00050,H. Deng; G. Krishnan; J. Chen; D. Liang
42,Locally Convex Kernel Mixtures: Bayesian Subspace Learning,"Mixture Models, Density Estimation, Bayesian Classification, Kernel Method, Majorization-Maximization; Bayes methods;Manifolds;Kernel;Estimation;Data models;Noise measurement;Two dimensional displays","Kernel mixture models are routinely used for density estimation. However, in multivariate settings, issues arise in efficiently approximating lower-dimensional structure in the data. For example, it is common to suppose that the density is concentrated near a lower-dimensional non-linear subspace or manifold. Typical kernels used to locally approximate such subspaces are inflexible, so that a large number of components are often needed. We propose a novel class of LOcally COnvex (LOCO) kernels that are flexible in adapting to nonlinear local structure. LOCO kernels are induced by introducing random knots within local neighborhoods, and generating data as a random convex combination of these knots with adaptive weights and an additive noise. For identifiability, we constrain all observations from a particular component to have the same mean. For Bayesian inference subject to this constraint, we develop a hybrid Gibbs sampler and optimization algorithm that incorporates a Lagrange multiplier within a splitting method. The resulting LOCO algorithm is shown to dramatically outperform typical Gaussian mixture models in challenging examples.",Main Conference Poster Papers,2019,10.1109/ICMLA.2019.00051,D. H. Thai; H. -T. Wu; D. B. Dunson
43,Rare Geometries: Revealing Rare Categories via Dimension-Driven Statistics,machine learning;rare-category detection;geometric data analysis;secant-based dimensionality reduction; Manifolds;Geometry;Detection algorithms;Solids;Optimization;Principal component analysis,"In many situations, classes of data points of primary interest also happen to be those that are least numerous. A well-known example is detection of fraudulent transactions among the collection of all financial transactions, the vast majority of which are legitimate. These types of problems fall under the label of 'rare-category detection.' There are two challenging aspects of these problems. The first is a general lack of labeled examples of the rare class and the second is the potential non-separability of the rare class from the majority (in terms of available features). Statistics related to the geometry of the rare class (such as its intrinsic dimension) can be significantly different from those for the majority class, reflecting the different dynamics driving variation in the different classes. In this paper we present a new supervised learning algorithm that uses a dimension-driven statistic, called the kappa-profile, to determine whether unlabeled points belong to a rare class. Our algorithm requires very few labeled examples and is invariant with respect to translation so that it performs equivalently on both separable and non-separable classes.",Main Conference Poster Papers,2019,10.1109/ICMLA.2019.00052,H. Kvinge; E. Farnell; J. Li; Y. Chen
44,Client-Side Monitoring of HTTP Clusters Using Machine Learning Techniques,Black-box monitoring;Client-side monitoring;Analytics; Servers;Monitoring;Tools;Machine learning algorithms;Measurement;Machine learning;Browsers,"Large online web sites are supported in the back-end by a cluster of servers behind a load balancer. Ensuring proper operation of the cluster with minimal monitoring efforts from the load balancer is necessary to ensure performance. Previous monitoring efforts require extensive data from the system and fail to include the client perspective. We monitor the cluster using machine learning techniques that process data collected and uploaded by web clients, an approach that might complement system-side information. To experiment our solution, we trained the machine learning algorithms in a cluster of 10 machines with a load balancer and evaluated the results of these algorithms when one of the machines is overloaded. While a fine-grained view of the state of the machines, may require much effort to accomplish, given the compensation effect of the remaining healthy machines, the results show that we can achieve a coarse grained view of the entire system, to produce relevant insight about the cluster.",Main Conference Poster Papers,2019,10.1109/ICMLA.2019.00053,R. Filipe; F. Araujo
45,Learning Mobile Application Usage - A Deep Learning Approach,LSTM;HAR;Deep learning;Mobile application usage;Prediction; Feature extraction;Sensors;Mobile applications;Mobile handsets;Data models;Machine learning;Prediction algorithms,"With more sensors embedded and functions added, mobile phones tend to be more critical to daily life. Researchers have been using the sensor data to recognize human activity these days; meanwhile, the mobile application usage prediction is also gradually brought into the spotlight. In this paper, we leveraged a state-of-the-art technique, which is LSTM, to model the mobile application usage data, also introduced a data fusion technique that eventually accomplished an over 90% of prediction accuracy. To validate the generality of our proposed solution, we applied the model on a public dataset. Our proposed solution treated the mobile application usage as a time series problem which is novel in the related field; it has the advantages of low resource consumption, short training time, as well as a generality. With the growth of users' reliance on mobile phones, mobile application usage prediction will be more useful in the future.",Main Conference Poster Papers,2019,10.1109/ICMLA.2019.00054,J. Shen; M. O. Shafiq
46,Machine Learning to Predict Developmental Neurotoxicity with High-Throughput Data from 2D Bio-Engineered Tissues,machine learning;neurotoxicity;tissue model;gene expression; Compounds;Two dimensional displays;Three-dimensional displays;Solid modeling;Predictive models;Gene expression;Biological system modeling,"There is a growing need for fast and accurate methods for testing developmental neurotoxicity across several chemical exposure sources. Current approaches, such as in vivo animal studies, and assays of animal and human primary cell cultures, suffer from challenges related to time, cost, and applicability to human physiology. Prior work has demonstrated success employing machine learning to predict developmental neurotoxicity using gene expression data collected from human 3D tissue models exposed to various compounds. The 3D model is biologically similar to developing neural structures, but its complexity necessitates extensive expertise and effort to employ. By instead focusing solely on constructing an assay of developmental neurotoxicity, we propose that a simpler 2D tissue model may prove sufficient. We thus compare the accuracy of predictive models trained on data from a 2D tissue model with those trained on data from a 3D tissue model, and find the 2D model to be substantially more accurate. Furthermore, we find the 2D model to be more robust under stringent gene set selection, whereas the 3D model suffers substantial accuracy degradation. While both approaches have advantages and disadvantages, we propose that our described 2D approach could be a valuable tool for decision makers when prioritizing neurotoxicity screening.",Main Conference Poster Papers,2019,10.1109/ICMLA.2019.00055,F. Kuusisto; V. Santos Costa; Z. Hou; J. Thomson; D. Page; R. Stewart
47,Stochastic Coordinate Descent for 01 Loss and Its Sensitivity to Adversarial Attacks,"Stochastic coordinate descent, 01 loss, adversarial attacks; Support vector machines;Fasteners;Logistics;Stochastic processes;Machine learning;Robustness;Training data","The 01 loss while hard to optimize is least sensitive to outliers compared to its continuous differentiable counterparts, namely hinge and logistic loss. Recently the 01 loss has been shown to be most robust compared to surrogate losses against corrupted labels which can be interpreted as adversarial attacks. Here we propose a stochastic coordinate descent heuristic for linear 01 loss classification. We implement and study our heuristic on real datasets from the UCI machine learning archive and find our method to be comparable to the support vector machine in accuracy and tractable in training time. We conjecture that the 01 loss may be harder to attack in a black box setting due to its non-continuity and infinite solution space. We train our linear classifier in a one-vs-one multi-class strategy on CIFAR10 and STL10 image benchmark datasets. In both cases we find our classifier to have the same accuracy as the linear support vector machine but more resilient to black box attacks. On CIFAR10 the linear support vector machine has 0% on adversarial examples while the 01 loss classifier hovers about 10%. On STL10 the linear support vector machine has 0% accuracy whereas 01 loss is at 10%. Our work here suggests that 01 loss may be more resilient to adversarial attacks than the hinge loss and further work is required.",Main Conference Poster Papers,2019,10.1109/ICMLA.2019.00056,M. Xie; Y. Xue; U. Roshan
48,"Modelling, Learning and Prediction of Complex Radar Emitter Behaviour","Electronic warfare, radar, recurrent neural networks, predictive models; Radar;Task analysis;Resource management;Adaptation models;Modulation;Neural networks;Quality of service",This paper adapts and extends the previously published hierarchical modelling approach of multifunction radars as systems that speak a language. We propose Long Short-Term Memory neural networks for learning the emitters' grammar and predicting their emissions. The approach is demonstrated using simulations of an airborne multifunction radar with three different resource management techniques of varying complexity. A comparison with simple prediction strategies shows that a huge improvement in accuracy can be achieved by using Long Short-Term Memory networks for predicting complex radar emitter behaviour.,Main Conference Poster Papers,2019,10.1109/ICMLA.2019.00057,S. Apfeld; A. Charlish; G. Ascheid
49,IsoClustering: A Generalized Framework for Local Data Clustering,data clustering;community detection;local clustering;overlapping communities;isoperimetric inequality; Greedy algorithms;Pattern clustering;Clustering algorithms,"In this paper, we propose a generalized framework for local clustering based on isoperimetric inequalities. We also demonstrate that contemporary approaches are included in its scope and that it can accommodate data sets of different types, including those with overlapping communities. We then present an efficient, greedy algorithm using the new framework and compare the output of the new algorithm with existing methods.",Main Conference Poster Papers,2019,10.1109/ICMLA.2019.00058,D. Haley; E. Kamalinejad; J. Zhong
50,Using Bidirectional Long Short Term Memory with Attention Layer to Estimate Driver Behavior,Bidirectional LSTM network;Attention Network;Driver Distraction;Deep Learning; Task analysis;Automobiles;Machine learning;Roads;Predictive models;Sensors,"Driver distraction is one of the primary causes of fatal car accidents in U.S. Analyzing driver behavior using different types of data including driving data, driver status or a combination of them is an emerging machine learning solution to detect the distraction level and notify the driver. Deep learning methods such as recurrent neural networks outperform other machine learning methods in car safety applications. In this paper, we used time-sequenced driving data that we collected in eight driving contexts to measure the driver distraction level. Our RNN is also capable of detecting the type of behavior that caused distraction. We used the driver interaction with the car infotainment system as the distracting activity. Two types of LSTM networks were used including bidirectional LSTM network and attention network. We compare the performance of these two complex networks to that of the simple LSTM in estimating driver behavior. We show that our attention network outperforms the other two, while adding bidirectional LSTM networks enhanced the training process of simple LSTM network.",Main Conference Poster Papers,2019,10.1109/ICMLA.2019.00059,S. Monjezi Kouchak; A. Gaffar
51,A Boosted Tree Machine Learning Alternative to Predictive Evaluation of Nondestructive Concrete Compressive Strength,"Non Destructive Tests, Structural Health Monitoring, Ultrasonic Pulse Velocity, Rebound Hammer, Concrete, Compressive Strength, Regression, Boosted Trees Machine Learning; Concrete;Testing;Acoustics;Machine learning;Training;Decision trees;Curing","This study investigates the use of tree-based machine learning methods in concrete non-destructive tests (NDT) evaluation. The study encompassed different phases. The first involved the use of destructive and non-destructive mechanisms to assess concrete strength on cube specimens. The second phase examined site assessment of selected structures using popular NDT tools. The third phase implemented a tree-based machine learning approach to characterize a relationship between concrete properties and destructive compressive strength for cubes and selected structures. It established that ultrasonic speed and rebound number were adequate to predict compressive strength. Variable importance plots from boosted tree learning suggested a hierarchy of parameter importance that challenges Pearson's correlation coefficients. In order to establish the effectiveness of tree-methods, analyses show that classical regression struggled to attain a variance score of 0.43 during training while boosted tree doubled this score during testing on unseen validation set. The results present a case for tree-based analysis in concrete NDT evaluation.",Main Conference Poster Papers,2019,10.1109/ICMLA.2019.00060,A. Lasisi; M. O. Sadiq; I. Balogun; A. Tunde-Lawal; N. Attoh-Okine
52,Style-Aware Neural Model with Application in Authorship Attribution,authorship attribution;stylometry;syntactic representation;syntax encoding;neural model;syntax;part of speech tags; Syntactics;Blogs;Computational modeling;Encoding;Neural networks;Training;Benchmark testing,"Writing style is a combination of consistent decisions associated with a specific author at different levels of language production, including lexical, syntactic, and structural. In this paper, we introduce a style-aware neural model to encode document information from three stylistic levels and evaluate it in the domain of authorship attribution. First, we propose a simple way to jointly encode syntactic and lexical representations of sentences. Subsequently, we employ an attention-based hierarchical neural network to encode the syntactic and semantic structure of sentences in documents while rewarding the sentences which contribute more to capturing the writing style. Our experimental results, based on four benchmark datasets, reveal the benefits of encoding document information from all three stylistic levels when compared to the baseline methods in the literature.",Main Conference Poster Papers,2019,10.1109/ICMLA.2019.00061,F. Jafariakinabad; K. A. Hua
53,Lean Training Data Generation for Planar Object Detection Models in Unsteady Logistics Contexts,"Synthetic data, object detection, logistics transport label detection; Training;Data models;Object detection;Logistics;Training data;Image segmentation;Task analysis","Supervised deep learning has become the state of the art method for object detection and is used in many application areas such as autonomous driving, manufacturing industries or security systems. The acquisition of annotated data sets for the training of neural networks is highly time-consuming and error-prone. Thus, the supervised training of such object detection models is not feasible in some cases. This holds for the task of logistics transport label detection, as this use-case stands out by requiring highly specialized, quickly adapting models whilst allowing for little manual efforts in the data preparation and training process. We propose an easy training data generation method enabling the fully automated training of specialized models for the task of logistics transport label detection. For data synthesis, we stitch instances of the transport labels to be detected into background images whilst using image degradation and augmentation methods. We evaluate the employment of both use-case-specific, carefully selected background images and randomly selected real-world background images. Further, we compare two different data generation approaches: one generating realistically looking images and a simpler one making do without any manual image annotation. We examine and evaluate the introduced method on a new and publicly available example data set relevant for logistics transport label detection. We show that accurate models can be trained exclusively on synthetic training data and we compare their performance to models trained on real, manually annotated images.",Main Conference Poster Papers,2019,10.1109/ICMLA.2019.00062,L. Dörr; F. Brandt; A. Meyer; M. Pouls
54,Unsupervised Learning on the Health and Retirement Study using Geometric Data Analysis,multiple correspondence analysis;hierarchical clustering;dimensionality reduction; Retirement;Data analysis;Aging;Sociology;Statistics;Economics;Education,"A geometric data analysis that builds a lower dimensional representation of both individuals and measured variables is used to detect and represent underlying structures in the US Health and Retirement Study, a longitudinal survey of a representative sample of Americans over age 50 that captures information on how changing health interacts with social, economic, and psychological factors and retirement decisions. Multiple correspondence analysis is performed on a subset of the survey responses, creating a lower dimensional representation of the respondents and their response patterns, and a hierarchical clustering method is applied to test and validate specific structures in this population study.",Main Conference Poster Papers,2019,10.1109/ICMLA.2019.00063,R. Sanchez-Arias; R. W. Batista
55,A Machine Learning Approach to Maximizing Broadband Capacity via Dynamic DOCSIS 3.1 Profile Management,DOCSIS 3.1;OFDM;clustering;K-Means;Agglomerative clustering; Modems;Modulation;Loading;OFDM;Hybrid fiber coaxial cables;Bandwidth;Measurement,"A majority of American households with broadband today subscribe to a cable broadband service. The technology underpinning this cable broadband service is DOCSIS (Data-Over-Cable Service Interface Specifications). The latest version of this technology, DOCSIS 3.1, enables higher modem speeds compared to the previous DOCSIS 3.0 technology. DOCSIS 3.1 provides faster speeds by increasing the modulation order, and by using Orthogonal Frequency-Division Multiplexing (OFDM) to enable the use of such higher modulation orders. DOCSIS 3.1 allows different modems to use different modulations on different parts of the spectrum. Due to the complexity of selecting and configuring these varying modulation levels across the spectrum, most operators use the same modulation level across the entire spectrum. They configure multiple such profiles on a channel, so that different modems can use the most appropriate profile for them. This enable modems on a cleaner part of the plant to run higher modulations. However, the problem with such an approach is that noise in one part of the spectrum might reduce the entire channel's modulation to limit bit errors. A more sophisticated approach is to use profiles that dynamically vary the modulation on different sub-carriers to best match the noise conditions experienced in the plant. We leverage a Machine Learning based dynamic profile management approach and tested it on data from a top 10 US Cable Company and we observe more than 4% broadband bandwidth gains on average, with some consumers in noisy plant conditions seeing over 30% increase in their bandwidth speeds. And the gains are far more dramatic when compared with using lower modulation profiles (similar to DOCSIS 3.0), with average gain itself being over 37%.",Main Conference Poster Papers,2019,10.1109/ICMLA.2019.00064,A. Gaydashenko; S. Ramakrishnan
56,Encoding in Neural Networks,encoding;neural networks;whitening;audio;deep learning; Training;Encoding;Machine learning;Convergence;Neural networks;Acceleration;Computer vision,"Data transforms, parameter re-normalization, and activation functions have gained significant attention in the neural network community over the past several years for improving convergence speed. The results in the literature are for computer vision applications, with batch-normalization (BN) and the Rectified Linear Unit (ReLU) activation attracting attention. In this paper, we present a new approach in data transformation in the context of regression during the synthesis of Head-related Transfer Functions (HRTFs) in the field of audio. The encoding technique whitens the real-valued input data delivered to the first hidden layer of a fully-connected neural network (FCNN) thereby providing the training speedup. The experimental results demonstrate, in a statistically significant way, that the presented data encoding approach outperforms other forms of normalization in terms of convergence speed, lower mean-square error, and robustness to network parameter initialization. Towards this, we used some popular first-and second-order gradient techniques such as scaled conjugate gradient, Extreme Learning Machine (ELM), and stochastic gradient descent with momentum and batch normalization. The improvements, as shown through t-SNE based depiction and analysis on the input covariance matrix, confirm the reduction in the condition number of the input covariance matrix (a process similar to whitening).",Main Conference Poster Papers,2019,10.1109/ICMLA.2019.00065,S. Bharitkar
57,AudioForesight: A Process Model for Audio Predictive Maintenance in Industrial Environments,Machine Learning;Audio;Software Engineering;Industrial;Process Model;User Integration; Anomaly detection;Unified modeling language;Predictive maintenance;Training;Data models;Detectors,"Nowadays, the digitalization and automation of industrial processes is already a standard in many companies. Especially maintenance is an essential process with huge impact in business trying to minimize downtimes of industrial equipment. Maintenance can be separated in several different categories including predictive maintenance which we will focus on. In this paper we present AudioForesight, an audio-based approach for industrial equipment predictive maintenance. The approach is based on a combination of two machine learning techniques: Anomaly detection and classification. The anomaly detection is used to predict abnormal behavior in comparison to the normal behavior observed after setting up the system. After detecting an anomaly, a classifier tries to identify the system error based on predefined failure classes. In the case study, we present an example implementation of our approach for an industrial metrology machine provided by our partner from industry. The case study shows the feasibility of the approach and allowed the prediction of machine failures before they occurred using an autoregression model based on mean-squard-errors from the anomaly detection and classification. We present the results, challenges we uncovered and an outlook of future work.",Main Conference Poster Papers,2019,10.1109/ICMLA.2019.00066,D. Henze; K. Gorishti; B. Bruegge; J. -P. Simen
58,Cyclic Boosting - An Explainable Supervised Machine Learning Algorithm,"machine learning, explainable algorithms, demand forecasting; Boosting;Predictive models;Machine learning algorithms;Prediction algorithms;Data models","Supervised machine learning algorithms have seen spectacular advances and surpassed human level performance in a wide range of specific applications. However, using complex ensemble or deep learning algorithms typically results in black box models, where the path leading to individual predictions cannot be followed in detail. In order to address this issue, we propose the novel ""Cyclic Boosting"" machine learning algorithm, which allows to efficiently perform accurate regression and classification tasks while at the same time allowing a detailed understanding of how each individual prediction was made.",Main Conference Poster Papers,2019,10.1109/ICMLA.2019.00067,F. Wick; U. Kerzel; M. Feindt
59,Understanding Cohesion in Writings and Speech of Schizophrenia Patients,Schizophrenia;Machine-Learning-Algorithms;Binary-Classification;Coherence;Cohesion;Coh-Metrix; Linguistics;Writing;Coherence;Tools;Mental disorders;Syntactics;Standards,"Schizophrenia is one of the mental disorders that impacts a person's thinking, speech, and actions. It can reduce a person's ability to process auditory information and make decisions. Analyzing this disorder correctly is important because it might help with different ways of reducing its negative effects on its patients. Linguists and psychiatrists have been investigating language impairments and speech disorder in people with schizophrenia disorder which can be challenging. In this study, we attempt to address this issue by analyzing linguistic features i.e. cohesion in the writings and speech scripts of schizophrenia patients. Our results show that using referential cohesion with text easability or situation model features provides the best performance for speech whereas for writing dataset, readability or a combination of situation model and readability yield the best performance.",Main Conference Poster Papers,2019,10.1109/ICMLA.2019.00068,A. AlQahtani; E. Kayi; M. Diab
60,"Low-Power Classification using FPGA—An Approach based on Cellular Automata, Neural Networks, and Hyperdimensional Computing",low-power-classification;machine-learning;FPGA;hyperdimensional-computing;cellular-automata;resource-constrained-devices; Field programmable gate arrays;Machine learning algorithms;Machine learning;Learning automata;Hardware;Training;Signal processing algorithms,"Field-Programmable Gate Arrays (FPGA) are hardware components that hold several desirable properties for wearable and Internet of Things (IoT) devices. They offer hardware implementations of algorithms using parallel computing, which can be used to increase battery life or achieve short response-times. Further, they are re-programmable and can be made small, power-efficient and inexpensive. In this paper we propose a classifier targeted specifically for implementation on FPGAs by using principles from hyperdimensional computing and cellular automata. The proposed algorithm is shown to perform on par with Naive Bayes for two benchmark datasets while also being robust to noise. It is also synthesized to a commercially available off-the-shelf FPGA reaching over 57.1 million classifications per second for a 3-class problem using 40 input features of 8 bits each. The results in this paper show that the proposed classifier could be a viable option for applications demanding low power-consumption, fast real-time responses, or a robustness against post-training noise.",Main Conference Poster Papers,2019,10.1109/ICMLA.2019.00069,N. Karvonen; J. Nilsson; D. Kleyko; L. L. Jiménez
61,Classification and Feature Extraction for User Identification for Smart Home Networks Based on Apps Access History,"smart home networks, user identification, user authentication, multi-class classification; Handheld computers;Software engineering;Conferences;Machine learning;Home automation;Authentication;Data collection","Advancements in smartphones has led to increasing dependency on them as an essential part of IoT smart home networks. Although this increase provides convenience to users, many challenges, including user identification and authentication, need to be considered. Many related works consider smartphone user authentication that assumes that the same user will be using the device throughout the access session. However, after the login stage, the device could be used by others, either in the home environment or outside, leading to undesired access to home appliances. In this paper, we present a continuous user identification approach that uses implicit features that can be integrated as a second layer of identification beyond the login step, based on user behavior on smartphones. The proposed method is mainly based on user interaction on the smartphone, which thus reflects the user's pattern that in turn provides the impetus to employ user identification as a complementary approach beyond the user login stage.",Main Conference Poster Papers,2019,10.1109/ICMLA.2019.00070,Y. Ashibani; Q. Mahmoud
62,Facility Locations Utility for Uncovering Classifier Overconfidence,active learning;classification;diagnostics;query algorithm;utility; Prediction algorithms;Predictive models;Adaptation models;Welding;Search problems;Dogs;Clustering algorithms,"Assessing the predictive accuracy of black box classifiers is challenging in the absence of labeled test datasets. In these scenarios we may need to rely on a human oracle to evaluate individual predictions; presenting the challenge to create query algorithms to guide the search for points that provide the most information about the classifier's predictive characteristics. Previous works have focused on developing utility models and query algorithms for discovering unknown unknowns - misclassifications with a predictive confidence above some arbitrary threshold. However, these methods tend to reward the discovery of misclassifications that occur at the rate indicated by their confidence values. These search methods may reveal nothing more than a correct assessment of predictive certainty, and as a result, we are unable to properly mitigate the risks associated with model deficiency when the model's confidence in prediction exceeds the actual model accuracy. We propose a novel problem formulation to instead search for overconfident unknown unknowns. Specifically, we propose a facility locations utility model and corresponding greedy query algorithm to search for overconfident unknown unknowns. Through robust empirical experiments we demonstrate that the greedy query algorithm with the facility locations utility model outperforms previous methods in discovering overconfident unknown unknowns.",Main Conference Poster Papers,2019,10.1109/ICMLA.2019.00071,K. Maurer; W. Bennette
63,The Machine Learning Models for Activity Recognition Applications with Wearable Sensors,Human activity recognition;classification;recurrent neural networks; Accelerometers;Activity recognition;Gyroscopes;Acceleration;Machine learning;Wearable sensors,"The growing number of fitness trackers and dedicated smartphone applications indicate the importance of human activity recognition tasks in everyday life. Wearable devices tend to incorporate a broad spectrum of various sensors, such as an accelerometer, a gyroscope, a heart rate sensor, etc. It is essential to understand what type of data and algorithm contribute to a better overall activity recognition rate, especially for real-time activity recognition based on real-time data streams. In this paper, we focus on comparing and contrasting different machine learning techniques and gauge their performance in terms of human activity recognition accuracy. We investigate and analyze sensor mounting position, sensor types, and data type influence on activity recognition accuracy. Also, we render and analyze the benefits of using a RNN classifier over a more static classifier such as J48 and Naive Bayes algorithms in our empirical study.",Main Conference Poster Papers,2019,10.1109/ICMLA.2019.00072,I. Khokhlov; L. Reznik; R. Bhaskar
64,Online Causal Structure Learning in the Presence of Latent Variables,Online Causal Learning;FCI;Latent Variables; Heuristic algorithms;Covariance matrices;Data models;Inference algorithms;Computational modeling;Data collection;Markov processes,"We present two online causal structure learning algorithms which can track changes in a causal structure and process data in a dynamic real-time manner. Standard causal structure learning algorithms assume that causal structure does not change during the data collection process, but in real-world scenarios, it often does change. The algorithms proposed here can revise correlation values without reprocessing the entire dataset and use an existing model to avoid relearning the causal links in the prior model, which still fit data. Proposed algorithms are tested on synthetic datasets. The online causal structure learning algorithms outperformed standard FCI by a large margin in learning the changed causal structure correctly and efficiently when latent variables were present.",Main Conference Poster Papers,2019,10.1109/ICMLA.2019.00073,D. Kocacoban; J. Cussens
65,An Analysis of Univariate and Multivariate Electrocardiography Signal Classification,"ECG, classification, multivariate, convolution neural network, deep learning, time series; Electrocardiography;Time series analysis;Heart;Benchmark testing;Analytical models;Medical diagnostic imaging;Convolution","Heart diseases are mainly diagnosed by the electrocardiogram (ECG) or (EKG). The correct classification of ECG signals helps in diagnosing heart diseases. In this paper, we study and analyze the univariate and multivariate ECG signal classification problems to find the optimal classifier for ECG signals from existing state-of-the-art time series classification models.",Main Conference Poster Papers,2019,10.1109/ICMLA.2019.00074,N. Elsayed; A. S. Maida; M. Bayoumi
66,Pelee-Text: A Tiny Convolutional Neural Network for Multi-oriented Scene Text Detection,Text recognition;Computer architecture;Training;Task analysis;Feature extraction;Convolutional neural networks;Computational modeling,"Nowadays, scene text detection has received a lot of attention due to its complexity given variations in terms of orientations, font size, aspect ratio, and natural backgrounds. In this vein, several deep neural networks have been proposed to deal with this challenging problem. However, such networks produce “heavy” models, hampering their use in applications running in devices with computational constraints. Additionally, few works are focused on the detection of multi-oriented and/or multi-lingual text. Herein, we propose an end-to-end tiny convolutional neural network for multi-oriented multi-lingual scene text called Pelee- Text. Experimental results show that Pelee-Text is at least 3 times smaller than its counterparts with a speed of 2.93 and 18.64 frames per second for its multi-scale and 768-scale versions, respectively. Moreover, in terms of F-measure, our method achieved competitive results on four well-known datasets, i.e., ICDAR'2011 (90.96%), ICDAR'2013 (85.24%), ICDAR'2015 (80.08%), and MSRA-TD500 (80.90%).",Main Conference Poster Papers,2019,10.1109/ICMLA.2019.00075,M. A. Córdova; L. G. L. Decker; J. L. Flores-Campana; A. A. dos Santos; J. S. Conceição; A. Pinto; H. Pedrini; R. da S. Torres
67,RNN-Based Classifier to Detect Stealthy Malware using Localized Features and Complex Symbolic Sequence,malware;stealthy malware; Malware;Heating systems;Feature extraction;Recurrent neural networks;Hidden Markov models;Mathematical model;Machine learning,"Malware detection and classification has enticed a lot of researchers in the past decades. Several mechanisms based on machine learning (ML), computer vision and deep learning have been deployed to this task and have achieved considerable results. However, advanced malware (stealthy malware) generated using various obfuscation techniques like code relocation, code transposition, polymorphism and mutation thwart the detection. In this paper, we propose a two-pronged technique which can efficiently detect both traditional and stealthy malware. Firstly, we extract the microarchitectural traces procured while executing the application, which are fed to the traditional ML classifiers to identify malware spawned as separate thread. In parallel, for an efficient stealthy malware detection, we instigate an automated localized feature extraction technique that will be used as an input to recurrent neural networks (RNNs) for classification. We have tested the proposed mechanism rigorously on stealthy malware created using code relocation obfuscation technique. With the proposed two-pronged approach, an accuracy of 94%, precision of 93%, recall score of 96% and F-1 score of 94% is achieved. Furthermore, the proposed technique attains up to 11% higher on average detection accuracy and precision, along with 24% higher on average recall and F-1 score as compared to the CNN-based sequence classification and hidden Markov model (HMM) based approaches in detecting stealthy malware.",Main Conference Poster Papers,2019,10.1109/ICMLA.2019.00076,S. Shukla; G. Kolhe; S. M. PD; S. Rafatirad
68,Computer-Aided Diagnosis using Class-Weighted Deep Neural Network,"Computer Aided Diagnosis System, Breast Cancer, Deep Neural Network, Class Weighted Neural Network; Training;Convolution;Machine learning;Feature extraction;Support vector machines;Breast cancer","Computer-aided diagnosis has become a major focal point of Artificial Intelligence. Interpreting medical images is often time-consuming and requires significant human expertise. Hence, there is an increasing demand to use machine learning techniques to correctly classify different medical images captured by mammography, CT scans, and MRI among others. This paper presents a deep learning method for computer-aided differential diagnosis of benign and malignant breast cancer tumors by avoiding potential errors caused by poor feature selection as well as class imbalances in the dataset. We design, develop and test an end-to-end convolutional neural network architecture for two different breast cancer datasets of fine needle aspiration biopsy samples, and show that our network outperforms the state of the art. Furthermore, we have introduced a loss coefficient which can be adjusted to fine-tune the performance of our network. The proposed method can be used to support oncologists in the detection of breast cancer with high confidence.",Main Conference Poster Papers,2019,10.1109/ICMLA.2019.00077,P. Sarkar; V. Davoodnia; A. Etemad
69,Physics-Guided Neural Network with Model Discrepancy Based on Upper Troposphere Wind Prediction,"Deep Neural Network, Model Discrepancy, Theory guided Data Science, Climate Prediction; Mathematical model;Predictive models;Wind forecasting;Neural networks;Data models;Machine learning;Terrestrial atmosphere","In this paper, we focus on a method that integrates a physical model into a neural network. This study proposes a neural network that can predict two components, namely outputs based on a physical model and its model discrepancy. To achieve such a goal, we propose a novel neural network architecture and associated loss functions designed based on a target physical model. The physical model is used as a regularizer of spatial behavior where output from the neural network is used as an intermediate variable. Then, the model discrepancy is defined as its residual to the observation value. We also propose a network architecture which has Shared and Non-Shared networks, and the neural network can be trained by alternate optimization. We constructed the proposed method with wind prediction in the upper troposphere based on thermal wind equations as an example. The experimental results demonstrate that the proposed method can achieve higher predictive accuracy than normal convolutional neural network or using thermal wind equation, also the obtained model discrepancy expresses convergence and divergence of wind vectors.",Main Conference Poster Papers,2019,10.1109/ICMLA.2019.00078,K. -i. Fukui; J. Tanaka; T. Tomita; M. Numao
70,Evaluating the Transferability and Adversarial Discrimination of Convolutional Neural Networks for Threat Object Detection and Classification within X-Ray Security Imagery,"X-ray imagery, deep convolutional neural networks, object detection, classification, transferability; X-ray imaging;Security;Object detection;Task analysis;Feature extraction;Shape;Machine learning","X-ray imagery security screening is essential to maintaining transport security against a varying profile of threat or prohibited items. Particular interest lies in the automatic detection and classification of weapons such as firearms and knives within complex and cluttered X-ray security imagery. Here, we address this problem by exploring various end-to-end object detection Convolutional Neural Network (CNN) architectures. We evaluate several leading variants spanning the Faster R-CNN, Mask R-CNN, and RetinaNet architectures to explore the transferability of such models between varying X-ray scanners with differing imaging geometries, image resolutions and material colour profiles. Whilst the limited availability of X-ray threat imagery can pose a challenge, we employ a transfer learning approach to evaluate whether such inter-scanner generalisation may exist over a multiple class detection problem. Overall, we achieve maximal detection performance using a Faster R-CNN architecture with a ResNet101 classification network, obtaining 0.88 and 0.86 of mean Average Precision (mAP) for a three-class and two class item from varying X-ray imaging sources. Our results exhibit a remarkable degree of generalisability in terms of cross-scanner performance (mAP: 0.87, firearm detection: 0.94 AP). In addition, we examine the inherent adversarial discriminative capability of such networks using a specifically generated adversarial dataset for firearms detection - with a variable low false positive, as low as 5%, this shows both the challenge and promise of such threat detection within X-ray security imagery.",Main Conference Poster Papers,2019,10.1109/ICMLA.2019.00079,Y. F. A. Gaus; N. Bhowmik; S. Akcay; T. Breckon
71,When to Pull Starting Pitchers in Major League Baseball? A Data Mining Approach,"Applications of Machine Learning, Baseball; Games;Feature extraction;Injuries;Machine learning;Data models;Training","One of the most important decisions made by managers in a baseball game is when to pull the starting pitcher. It has a direct consequence on the outcome of the game and also on the physical fitness of the pitcher. Traditionally, managers rely on various heuristics for this decision. In this paper, we propose a machine learning based approach to determine when to replace the starting pitcher. We curate a large dataset of more than one million samples, spanning more than 10 years of baseball games (2007 - 2017), and study the performance of various classification algorithms on this dataset. We further perform feature analysis to gain insights on the most important features influencing the replacement of starting pitchers. To the best of our knowledge, this is the first research effort to leverage machine learning and data analytics to model managers' decisions of pulling a starting pitcher from historic data. Such a system can be immensely useful in assisting managers make more informed decisions during an ongoing game and has the potential to reduce the risk of baseball related injuries. We hope that our curated dataset and initial research findings will promote further work toward this important problem of deciding when to pull a starting pitcher in an ongoing baseball game.",Main Conference Poster Papers,2019,10.1109/ICMLA.2019.00080,M. Woodham; J. Hawkins; A. Singh; S. Chakraborty
72,Discovering Programmer Intention Behind Written Source Code,"source code comprehension, bag of words, malware detection, machine learning; Natural language processing;Data models;Support vector machines;Forestry;Standards;Malware;Decision trees","The goal of this work is to leverage natural lan-guage processing techniques to assist in the classification andunderstanding of a programmer's intention from inspectingsource code. Our model utilizes well-known machine learningtechniques. We find that we can accurately classify C sourcecode into different classes, distinguishing between benign andmalicious source code with a high degree of accuracy.",Main Conference Poster Papers,2019,10.1109/ICMLA.2019.00081,G. Sznaier Camps; N. Bohm Agostini; D. Kaeli
73,Word Embedding by Combining Resources and Integrating Techniques,"word embedding, out of vocabulary, text classification; Conferences;Machine learning","In a typical text mining problem, the distribution of the domain-specific repository data does not fully capture all the problem's concepts in the real-world. This issue, termed inadequacy of knowledge, decreases the accuracy of generated models. One aspect of inadequacy of knowledge is the out-of-vocabulary problem, i.e. when a word does not appear in the repository data. In this paper, the out-of-vocabulary issue in GloVe is addressed by changing the form of fed training data, i.e. the n-grams of each word are substituted for the word. This version of GloVe is called here C-GloVe. It is shown that the accuracy of the generated models by C-GloVe is mostly higher than when GloVe or FastText is used, especially for smaller training sets. Also, the issue of inadequacy of knowledge is addressed by proposing a method to integrate local (i.e. domain specific) and universal sources of knowledge and to combine different word embedding algorithms. Our experimental results on three different tasks show that the proposed methods yield higher performance than a standalone source of knowledge and a standalone word embedding algorithm, especially if one algorithm of the combination is trained on the local source and another on the universal source of knowledge. Also, experimental results on the classification task show that the proposed method obtained the same or higher F1-score than BERT in four out of five classification problems.",Main Conference Poster Papers,2019,10.1109/ICMLA.2019.00082,K. Qazanfari; A. Youssef
74,A Comparative Analysis of Unsupervised Learning Techniques for Anomaly Detection in Railway Systems,"comparative analysis, anomaly detection, unsupervised learning, switch machines, railway system; Anomaly detection;Rail transportation;Tracking;Unsupervised learning;Neurons;Task analysis;Self-organizing feature maps","Anomaly detection is a fundamental Data Mining activity. It is largely applied to identify data with potential to contaminate or bias the results of an analysis. On the other hand, anomalies can also indicate faults in real-world systems. In the railway context, anomalous data can occur due to faults on its assets (elements). Thus, it is possible to use the anomaly detection task both to monitor the system health and to avoid future consequences, especially accidents. Due to the immense volume of data contained in a railway system, unsupervised learning techniques are commonly used for this purpose. However, no studies were found that evaluate the efficiency of these techniques in anomaly detection, mainly applied to large real datasets from real railway systems. This paper thus presents a comparative analysis among unsupervised learning techniques applied to anomaly detection in the behavior of track switches, an availability and safety critical asset in a railway system. The K-means, Self-Organizing Maps, and Auto-encoders techniques were applied to real dataset from a railway in Brazil to detect anomalies in their track switches. A comparison of the technique performances in detecting anomalies in a real dataset were developed, resulting in a ranking. These results can be used as a basis for developing predictive methods for fault detection and diagnosis in railway systems.",Main Conference Poster Papers,2019,10.1109/ICMLA.2019.00083,M. da Silva Ferreira; L. F. Vismari; P. S. Cugnasca; J. R. de Almeida; J. B. Camargo; G. Kallemback
75,Context-Aware Autonomous Driving Using Meta-Reinforcement Learning,"Deep reinforcement learning, meta learning, autonomous driving.; Task analysis;Adaptation models;Autonomous vehicles;Artificial neural networks;Meteorology;Machine learning","Reinforcement learning (RL) methods achieved major advances in multiple tasks surpassing human performance. However, most of RL strategies show a certain degree of weakness and may become computationally intractable when dealing with high-dimensional and non-stationary environments. In contrast, human are more comfortable with learning from little experience and adapting to unexpected perturbations. These differences are shaping the current research intending to guide agent policies and eschewing the above limits. In this paper, we build a meta-reinforcement learning (MRL) method embedding an adaptive neural network (NN) controller for efficient policy iteration in changing task conditions. Our main goal is to extend RL application to the challenging task of urban autonomous driving in CARLA simulator. The proposed approach yields higher performance and faster learning capabilities than conventionally pre-trained and randomly initialized RL algorithms.",Main Conference Poster Papers,2019,10.1109/ICMLA.2019.00084,Y. Jaafra; A. Deruyver; J. L. Laurent; M. S. Naceur
76,Predicting Louisiana Public High School Dropout through Imbalanced Learning Techniques,"Cost-Sensitive Learning, High School Dropout Prediction, Imbalanced Classification; Classification algorithms;Training;Measurement;Standards;Cancer;Prediction algorithms;Suspensions","This study is motivated by the magnitude of the problem of Louisiana high school dropout and its negative impacts on individual and public well-being. Our goal is to predict students who are at risk of high school dropout, by examining Louisiana administrative dataset. Due to the imbalanced nature of the dataset, imbalanced learning techniques including resampling, case weighting, and cost-sensitive learning have been applied to enhance the prediction performance on the rare class. Performance metrics used in this study are F-measure, recall and precision of the rare class. We compare the performance of several machine learning algorithms such as neural networks, decision trees and bagging trees in combination with the imbalanced learning approaches using an administrative dataset of size of 366k+ from Louisiana Department of Education. Experiments show that application of imbalanced learning methods produces good results on recall but decreases precision, whereas base classifiers without regard of imbalanced data handling gives better precision but poor recall. Overall application of imbalanced learning techniques is beneficial, yet more studies are desired to improve precision.",Main Conference Poster Papers,2019,10.1109/ICMLA.2019.00085,M. Orooji; J. Chen
77,LoGANv2: Conditional Style-Based Logo Generation with Generative Adversarial Networks,Generative Adversarial Neural Networks;Image Synthesis;Deep Learning; Training;Gallium nitride;Generators;Image resolution;Aerospace electronics;Visualization;Mathematical model,"Domains such as logo synthesis, in which the data has a high degree of multi-modality, still pose a challenge for generative adversarial networks (GANs). Recent research shows that progressive training (ProGAN) and mapping network extensions (StyleGAN) enable both increased training stability for higher dimensional problems and better feature separation within the embedded latent space. However, these architectures leave limited control over shaping the output of the network. This paper explores a conditional extension to the StyleGAN architecture with the aim of firstly, improving on the low resolution results of previous research and, secondly, increasing the controllability of the output through the use of synthetic class-conditions. Furthermore, methods of extracting such class conditions are explored, where the challenge lies in the fact that, visual logo characteristics are hard to define. The introduced conditional style-based generator architecture is trained on the extracted class-conditions in two experiments and studied relative to the performance of an unconditional model. Results show that, whilst the unconditional model more closely matches the training distribution, high quality conditions enabled the embedding of finer details onto the latent space, leading to more diverse output.",Main Conference Poster Papers,2019,10.1109/ICMLA.2019.00086,C. Oeldorf; G. Spanakis
78,Explainable Density-Based Approach for Self-Driving Actions Classification,Explainable self organizing architecture;self driving cars;Interpretability;Explanability;Density based feature selection; Prototypes;Mathematical model;Autonomous automobiles;Feature extraction;Brakes;Acceleration;Support vector machines,"This paper describes a new self-organizing neuro-fuzzy approach to autonomously learn interpretable models by self-driving cars. A new explainable self-organizing architecture and a new density-based feature selection method are proposed. These new approaches are used to classify different action states occurring from different self-driving conditions. The proposed approach is able to provide human understandable IF ... THEN rules representation due to its learning engine which is composed of a massively parallel set of 0-order fuzzy rules. The proposed density-based feature selection method is based on the ranking of the densities of each feature in the data space, and takes advantage of the parallel characteristic of the proposed explainable self-organizing approach to create individualized subsets of features per class. The main goal of both proposed methods is to provide highly accurate models with high transparency, interpretability, and explainability for self-driving vehicles. In order to validate our proposal, experiments were realized using a real dataset provided by Ford Motor Company. The dataset contains different driving states occurring during self-driving performances. Results demonstrate that the proposed approach could surpass its state-of-the-art competitors in terms of accuracy for this challenge multiclass classification problem.",Main Conference Poster Papers,2019,10.1109/ICMLA.2019.00087,E. Soares; P. Angelov; D. Filev; B. Costa; M. Castro; S. Nageshrao
79,Identifying Laguerre-Gaussian Modes using Convolutional Neural Network,"Convolutional neural networks, Laguerre Gaussian modes, cavity tuning, optical communication; Laser beams;Training;Optical beams;Laser modes;Mathematical model;Feature extraction;Data models","An automated determination of Laguerre-Gaussian (LG) modes benefits cavity tuning and optical communication. In this paper, we employ machine learning techniques to automatically detect the lowest sixteen LG modes of a laser beam. Convolutional neural networks (CNN) are trained by collecting the experimental and simulated datasets of LG modes that relies only on the intensity images of their unique patterns. We demonstrate that the trained CNN model can detect LG modes with the maximum accuracy greater than 96% after 60 epochs. The study evaluates the CNN's ability to generalize to new data and adapt to experimental conditions.",Main Conference Poster Papers,2019,10.1109/ICMLA.2019.00088,S. Sharifi; Y. Banadaki; E. Siddiqui; S. Cuzzo; N. Bhusal; L. Cohen; A. Kalasky; N. Prajapati; R. Soto-Garcia; S. Brown; I. Novikova; E. Mikhailov; G. Veronis; J. Dowling
80,Denoising Internet Delay Measurements using Weak Supervision,Internet measurements;weak supervision;measurement noise; Noise measurement;Tools;Training data;Machine learning;Noise reduction;Predictive models;Labeling,"To understand the delay characteristics of the Internet, a myriad of measurement tools and techniques are proposed by the researchers in academia and industry. Datasets from such measurement tools are curated to facilitate analyses at a later time. Despite the benefits of these tools and datasets, the systematic interpretation of measurements in the face of measurement noise. Unfortunately, state-of-the-art denoising techniques are labor-intensive and ineffective. To tackle this problem, we develop NoMoNoise, an open-source framework for denoising latency measurements by leveraging the recent advancements in weak-supervised learning. NoMoNoise can generate measurement noise labels that could be integrated into the inference and control logic to remove and/or repair noisy measurements in an automated and rapid fashion. We evaluate the efficacy of NoMoNoise in a lab-based setting and a real-world setting by applying it on CAIDA's Ark dataset and show that NoMoNoise can remove noisy measurements effectively with high accuracy.",Main Conference Poster Papers,2019,10.1109/ICMLA.2019.00089,A. Muthukumar; R. Durairajan
81,Scalable Data Parallel Approaches to Anomaly Detection in Climate Data using Gaussian Processes,"anomaly detection, gaussian process, big data; Time series analysis;Anomaly detection;Graphics processing units;Scalability;Ground penetrating radar;Temperature distribution;Covariance matrices","Anomaly detection on large scale spatio-temporal data such as climate data is a challenging task depending on the spatial and temporal resolution and autocorrelation of the data. When considering global gridded daily temperature data, the number of locations and the length of time period considered makes anomaly detection a big data problem. Gaussian Process (GP) Learning is a method that is well-suited to identify the complex spatial and temporal autocorrelation properties of spatio-temporal data. One of the primary challenges with using GP is the computational complexity associated with inverting a covariance matrix. This is further compounded when considering data on a national/global scale and performing anomaly detection using such methods often requires dedicated high performance computing platforms. In this paper, we describe a purely temporal scalable anomaly detection technique for gridded temperature data based on GP Learning that ignore the spatial autocorrelation between neighboring grids and perform anomaly detection on each of the grids in parallel, thereby reducing the execution time. We introduce three methods: a standalone data parallel approach using a single GPU, a distributed memory version on multi-node clusters using MPI, and a mixed parallel approach using multiple GPUs. In comparison to a sequential approach, they are 17.2x, 47.1x, and 88.9x faster, respectively.",Main Conference Poster Papers,2019,10.1109/ICMLA.2019.00090,K. K. Gadiraju; B. Ramachandra; A. Shashidharan; B. Dutton; R. R. Vatsavai
82,Advanced Decision Making and Interpretability through Neural Shrubs,"decision trees, neural networks; Decision trees;Topology;Vegetation;Machine learning;Standards;Biological neural networks","Advanced decision making using machine learning should be both accurate and interpretable. Many standard machine learning techniques suffer from an inherent lack of transparency with regard to how the resulting decision was made. In the current work we aim to overcome this issue by introducing a hybrid learning approach using classical decision trees alongside artificial neural networks, dubbed a ""neural shrub"". The Neural Shrub methodology presented in this paper aims to maintain as much interpretability as possible without sacrificing either classification or regression accuracy. Experimental results are presented on several benchmark data sets to validate the proposed approach as well as provide insight into future research directions.",Main Conference Poster Papers,2019,10.1109/ICMLA.2019.00091,K. Caudle; R. C. Hoover; A. Alphonsus; S. Shradha
83,Region Based Anomaly Detection with Real-Time Training and Analysis,"anomaly detection, machine learning, deep learning, kernel density estimation; Feature extraction;Anomaly detection;Convolutional codes;Principal component analysis;Training;Streaming media;Estimation","We present a method of anomaly detection that is capable of real-time operation on a live stream of images. The real-time performance applies to the training of the algorithm as well as subsequent analysis, and is achieved by substituting the region proposal mechanism used in [9] with one that makes the overall method more efficient. where they generate thousands of regions per image, we generate far fewer but better targeted regions. We also propose a 'convolutional' variant which does away with region extraction altogether, and propose improvements to the density estimation phase used in both variants.",Main Conference Poster Papers,2019,10.1109/ICMLA.2019.00092,P. Adey; O. Hamilton; M. Bordewich; T. Breckon
84,Extracting Cryptocurrency Price Movements from the Reddit Network Sentiment,"Cryptocurrency, PageRank, time series analysis, Granger causality, sentiment analysis, Gradient Boosting Machines; Time series analysis;Bitcoin;Predictive models;Social network services;Sentiment analysis","Explosive growth in the value of cryptocurrencies like Bitcoin and Ethereum in recent years has attracted the attention of many speculators. Unlike traditional currencies, cryptocurrencies are not backed by any government agencies resulting in prices being strongly influenced by public opinion. Understanding the relationship between cryptocurrency prices and the public sentiment can lead to improved predictions of price movement. In this paper, we give an exploratory analysis of a network of 24 Reddit communities related to Bitcoin, Ethereum, or other cryptocurrencies to analyze Bitcoin and Ethereum price movements. We engineer a set of 112 time series features from submissions and comments made on the selected subreddits, run Granger causality tests on engineered time series against cryptocurrency price movements, and use these time series to forecast the cryptocurrency price movements using classification models. Results from these models support the Granger causality test results showing that with only lagged price values and lagged values from a single Reddit data derived feature, the direction of Bitcoin and Ethereum price movements can be predicted with 74.2% and 73.1% accuracy respectively.",Main Conference Poster Papers,2019,10.1109/ICMLA.2019.00093,S. Wooley; A. Edmonds; A. Bagavathi; S. Krishnan
85,Frosting Weights for Better Continual Training,incremental learning;continual learning;meta learning;ensemble models; Training;Data models;Task analysis;Neural networks;Computational modeling;Training data;Neurons,"Training a neural network model can be a lifelong learning process and is a computationally intensive one. A severe adverse effect that may occur in deep neural network models is that they can suffer from catastrophic forgetting during retraining on new data. To avoid such disruptions in the continuous learning, one appealing property is the additive nature of ensemble models. In this paper, we propose two generic ensemble approaches, gradient boosting and meta-learning, to solve the catastrophic forgetting problem in tuning pre-trained neural network models.",Main Conference Poster Papers,2019,10.1109/ICMLA.2019.00094,X. Zhu; F. Liu; G. Trajcevski; D. Wang
86,Mood Classification with Lyrics and ConvNets,"deep learning, natural language processing, mood classification, music classification, tag extraction, lyric extraction.; Mood;Feature extraction;Machine learning;Pipelines;Natural language processing;Task analysis;Computational modeling","The paper presents research outcomes of classifying music into moods and provides an end-to-end, open source pipeline for mood classification using lyrics. It explores techniques that classify music using audio features and lyrics using various natural language processing methods and machine learning. The paper performs a comparative study across different classification models and mood frameworks. The linguistic aspects of lyrics are explored and are used as features for classification methods to understand what model classifies mood in the most adequate manner. The results show how lyrics are a valuable information source for classification of music. Term-frequency/inverse-document frequency and word embeddings are explored to connect words to mood classes. Various machine learning and deep learning classifiers are tested across different arrangements of the mood labels. The paper demonstrates that models which learn from lyrics using current methods of natural language processing using deep learning demonstrate higher levels of accuracy. Our final model achieves an accuracy of 71%.",Main Conference Poster Papers,2019,10.1109/ICMLA.2019.00095,R. Akella; T. -S. Moh
87,Feature Changes in Source Code for Commit Classification Into Maintenance Activities,Source code changes;software maintenance;classification model;machine learning; Maintenance engineering;Measurement;Forestry;Classification algorithms;Boosting;Software maintenance,"Software maintenance plays an important role during software development and life cycle. Indeed, previous works show that maintenance activities consume most of the software budget. Therefore, understanding how these activities are performed can help software managers to previously plan and allocate resources in projects. Despite previous works, there is still a lack in accurate models to classify developers commits into maintenance activities. In the present article, we propose improvements in a state-of-the-art approach used to classify commits. Particularly, we include three additional features in the classification model and we use XGBoost, a boosting tree learning algorithm, for classification. Experimental results show that our approach outperforms the state-of-the-art baseline achieving more than 77% of accuracy and more than 64% in Kappa metric.",Main Conference Poster Papers,2019,10.1109/ICMLA.2019.00096,R. V. R. Mariano; G. E. dos Santos; M. V. de Almeida; W. C. Brandão
88,An Application of Autonomous Learning Multimodel System for Localization in Industrial Warehouse Storage Rack,"Localization Model, Online Machine Learning, Industrial Warehouse Storage Rack; Wireless communication;Wireless sensor networks;RFID tags;Antennas;Antenna measurements","The location information of the items on storage rack in warehouse is critical for planning and control in the dynamic manufacturing environment. In this study, we explored to use wireless signals from passive radio frequency identification (RFID) system to track the location of items on the storage racks in warehouse. To overcome the problems caused by uncertainties of sensor data stream, a predictive model for localization application is presented in this paper. The autonomous learning multimodel system (ALMMo) is used to construct a localization model. The wireless signals from passive RFID reference tags on the rack are captured constantly. The online localization model is updated by using the passive RFID sensor data stream.",Main Conference Poster Papers,2019,10.1109/ICMLA.2019.00097,S. Huang; Z. H. Shi
89,Root Cause Detection Among Anomalous Time Series Using Temporal State Alignment,"Root Cause Detection, Causality Index, State Space Model, HMM, DTW; Time series analysis;Software systems;Anomaly detection;Hidden Markov models;Monitoring;Measurement;Pipelines","The recent increase in the scale and complexity of software systems has introduced new challenges to the time series monitoring and anomaly detection process. A major drawback of existing anomaly detection methods is that they lack contextual information to help stakeholders identify the cause of anomalies. This problem, known as root cause detection, is particularly challenging to undertake in today's complex distributed software systems since the metrics under consideration generally have multiple internal and external dependencies. Significant manual analysis and strong domain expertise is required to isolate the correct cause of the problem. In this paper, we propose a method that isolates the root cause of an anomaly by analyzing the patterns in time series fluctuations. Our method considers the time series as observations from an underlying process passing through a sequence of discretized hidden states. The idea is to track the propagation of the effect when a given problem causes unaligned but homogeneous shifts of the underlying states. We evaluate our approach by finding the root cause of anomalies in Zillow's clickstream data by identifying causal patterns among a set of observed fluctuations.",Main Conference Poster Papers,2019,10.1109/ICMLA.2019.00098,S. Chakraborty; S. Shah; K. Soltani; A. Swigart
90,Asynchronous Multitask Reinforcement Learning with Dropout for Continuous Control,"Deep reinforcement learning, Multitask reinforcement learning, Asynchronous method, Continuous control, Partial observability; Task analysis;Learning (artificial intelligence);Robot sensing systems;Training;Biological neural networks;Recurrent neural networks","Deep reinforcement learning is sample inefficient for solving complex tasks. Recently, multitask reinforcement learning has received increased attention because of its ability to learn general policies with improved sample efficiency. In multitask reinforcement learning, a single agent must learn multiple related tasks, either sequentially or simultaneously. Based on the DDPG algorithm, this paper presents Asyn-DDPG, which asynchronously learns a multitask policy for continuous control with simultaneous worker agents. We empirically found that sparse policy gradients can significantly reduce interference among conflicting tasks and make multitask learning more stable and sample efficient. To ensure the sparsity of gradients evaluated for each task, Asyn-DDPG represents both actor and critic functions as deep neural networks and regularizes them using Dropout. During training, worker agents share the actor and the critic functions, and asynchronously optimize them using task-specific gradients. For evaluating Asyn-DDPG, we proposed robotic navigation tasks based on realistically simulated robots and physics-enabled maze-like environments. Although the number of tasks used in our experiment is small, each task is conducted based on a real-world setting and posts a challenging environment. Through extensive evaluation, we demonstrate that Dropout regularization can effectively stabilize asynchronous learning and enable Asyn-DDPG to outperform DDPG significantly. Also, Asyn-DDPG was able to learn a multitask policy that can be well generalized for handling environments unseen during training.",Main Conference Poster Papers,2019,10.1109/ICMLA.2019.00099,Z. Jiao; J. Oh
91,End-to-End Reinforcement Learning for Multi-agent Continuous Control,"End-to-end reinforcement learning, Multi-agent learning, Continuous control, State abstraction; Learning (artificial intelligence);Robot sensing systems;Training;Task analysis;Navigation;Games","In end-to-end reinforcement learning, an agent captures the entire mapping from its raw sensor data to actuation commands using a single neural network. End-to-end reinforcement learning is mostly studied in single-agent domains, and its scalability to multi-agent setting is under-explored. Without effective techniques, learning effective policies based on the joint observation of agents can be intractable, particularly when sensor data perceived by each agent is high-dimensional. Extending the multi-agent actor-critic method MADDPG, this paper presents Rec-MADDPG, an end-to-end reinforcement learning method for multi-agent continuous control in a cooperative environment. To ease end-to-end learning in a multi-agent setting, we proposed two embedding mechanisms, joint and independent embedding, to project agents' joint sensor observation to low-dimensional features. For training efficiency, we applied parameter sharing and the A3C-based asynchronous framework to Rec-MADDPG. Considering the challenges that can arise in real-world multi-agent control, we evaluated Rec-MADDPG in robotic navigation tasks based on realistic simulated robots and physics enable environments. Through extensive evaluation, we demonstrated that Rec-MADDPG can significantly outperform MADDPG and was able to learn individual end-to-end policies for continuous control based on raw sensor data. In addition, compared to joint embedding, independent embedding enabled Rec-MADDPG to learn even better optimal policies.",Main Conference Poster Papers,2019,10.1109/ICMLA.2019.00100,Z. Jiao; J. Oh
92,Maximizing Customer Lifetime Value using Stacked Neural Networks: An Insurance Industry Application,Recommender systems;Neural networks;Customer Lifetime Value;Self-Attention Mechanism;Customer retention;Insurance product recommendation; Recommender systems;Insurance;Neural networks;Companies;History;Hazards;Data models,"This paper proposes a recommender system based on two-stage neural network architecture that maximizes Customer Lifetime Value (CLV). The Stage-I neural network uses a self-attention mechanism and a Collaborative Metric Learning (CML) to generate product recommendations. The Stage-II neural network uses a neural network-based survival analysis to infer insurance product recommendations that maximize customer lifetime. The proposed stacked neural network model can be used as a generative model to explore different cross-sell scenarios. The applicability of the proposed recommendation system is evaluated using transactional data from an Australian insurance company. We validated our results against a state of the art self-attention recommendation system, successfully extending its functionality to include lifetime value.",Main Conference Poster Papers,2019,10.1109/ICMLA.2019.00101,G. Desirena; A. Diaz; J. Desirena; I. Moreno; D. Garcia
93,Face Recognition Using Segmentation Technology,Fully Convolutional Networks (FCN);Convolution Neural Network (CNN);classification; Computer science;Conferences;Machine learning;Erbium;Convolution;Neural networks;Face recognition,"Face recognition technology has become a popular research topic in the fields of pattern recognition, image processing, and computer vision. However, the face recognition accuracy rate will be confronted with challenges if the technology is trained on the unconstrained images with disguised and covered objects on a face area. This paper aims to propose a state-of-the-art face recognition methodology which could be applied in the crime field, especially in the cases of face-disguised crime. The main idea is to extract face pixels from a background and send them to a trained system to eliminate noise decrease meaningless contribution from useless pixels. This research combines two technologies: Fully Convolutional Networks (FCN) for face extraction from the background and disguised part and deep convolution neural network for face training and testing. The process of this research is to build a training set of segmentation of the face area with FCN as an input of Convolution Neural Network (CNN), and then train the CNN network with transfer learning from VGG-Face. Lastly, the classification function SoftMax is applied for face probability distribution. This algorithm has been experimented on a challengeable face dataset. Our experimental results show that the accuracy of recognition achieves better results compared to recognition without face segmentation.",Main Conference Poster Papers,2019,10.1109/ICMLA.2019.00102,F. Gao; J. Liu
94,Assessing Wireless Data Services with Machine Learning and Geostatistics,wireless data;service quality;machine learning;Kriging;geostatistics; Broadband communication;Correlation;Poles and towers;Servers;Wireless communication;Microprocessors;Computer architecture,"The California Public Utilities Commission collects and publishes data on mobile broadband service from major wireless service providers. The data is collected twice yearly at over 1900 measurement locations across California. The data can be used to assess the ""digital divide"", to track improvements in wireless service over time, and to help consumers select a service provider. For example, a consumer might want to know which provider offers the best service quality at important locations, like home and work. Here we apply machine learning and geospatial estimation methods to estimate each provider's wireless service quality at arbitrary locations across the state. We focus on TCP download performance. We find that Kriging, which takes into account the spatial correlation of service quality across measurement locations, yields better predictions than k-nearest neighbor and inverse distance weighting. We observe similar results when we rank providers rather than estimate the quality of service they provide. Finally, because average service performance across the state can be used to rank service providers, we estimate the minimum number of measurement locations that could be used to reliable rank service provider performance.",Main Conference Poster Papers,2019,10.1109/ICMLA.2019.00103,J. Mijangos; G. Bruns
95,Hateful Speech Detection in Public Facebook Pages for the Bengali Language,"Annotated corpus, Hate speech, Facebook page, Bengali language, Machine Learning, Gated Recurrent Unit; Conferences;Machine learning;Feature extraction;Analytical models","Online hateful speech detection and classification in social media for the various major languages other than English has drawn the attention of researchers recently. In this paper, we develop Machine Learning (ML) algorithms based model, as well as Gated Recurrent Unit (GRU), based deep neural network model for classifying users' comments on Facebook pages. We have collected, annotated 5,126 Bengali comments and classified them into six classes - Hate Speech, Communal Attack, Inciteful, Religious Hatred, Political Comments, and Religious Comments. The produced corpus is the first contribution to the field of hateful speech detection in the Bengali language for social media. Finally, we employ several machine learning algorithms, compare the performance, and attained 52.20% accuracy in Random Forest. The accuracy is improved in the case of GRU based model (70.10% accuracy) about 18%.",Main Conference Poster Papers,2019,10.1109/ICMLA.2019.00104,A. M. Ishmam; S. Sharmin
96,A Comparative Analysis of Traditional and Deep Learning-Based Anomaly Detection Methods for Streaming Data,anomaly detection;streaming data;deep learning; Anomaly detection;Robustness;Internet of Things;Principal component analysis;Histograms;Boosting,"With the Internet of Things (IoT) devices becoming an integral part of human life, the need for robust anomaly detection in streaming data has also been elevated. Dozens of distance-based, density-based, kernel-based, and cluster-based algorithms have been proposed in the area of anomaly detection. Recently, because of the robustness of the deep neural networks (DNN), different deep learning-based anomaly detection methods have also been proposed. With all these rapid developments, there exists a small number of comparative studies for anomaly detection methods. Even in those studies, the comparison is done only in typical anomaly detection settings without taking the streaming data into consideration. The presence of intrinsic time-series characteristics like trend, seasonality, and change-point makes it important to study the behavior of commonly used anomaly detection methods on streaming data. Moreover, the comparison of traditional methods with deep learning-based methods also brings exciting insights about the data which are generally overlooked by traditional methods. In this study, we compare 13 anomaly detection methods on two commonly used streaming data sets. We used four different evaluation metrics to evaluate the methods from different perspectives. Our analysis reveals that the deep learning-based anomaly detection methods are superior to traditional anomaly detection methods.",Main Conference Poster Papers,2019,10.1109/ICMLA.2019.00105,M. Munir; M. A. Chattha; A. Dengel; S. Ahmed
97,Active Learning for Feasible Region Discovery,Gaussian process;active learning;feasible region;entropy; Computational modeling;Optimization;Gaussian processes;Bayes methods;Kernel;Data models;Entropy,"Often in the design process of an engineer, the design specifications of the system are not completely known initially. However, usually there are some physical constraints which are already known, corresponding to a region of interest in the design space that is called feasible. These constraints often have no analytical form but need to be characterised based on expensive simulations or measurements. Therefore, it is important that the feasible region can be modeled sufficiently accurate using only a limited amount of samples. This can be solved by using active learning techniques that minimize the amount of samples w.r.t. what we try to model. Most active learning strategies focus on classification models or regression models with classification accuracy and regression accuracy in mind respectively. In this work, regression models of the constraints are used, but only the (in) feasibility is of interest. To tackle this problem, an information-theoretic sampling strategy is constructed to discover these regions. The proposed method is then tested on two synthetic examples and one engineering example and proves to outperform the current state-of-the-art.",Machine Learning Algorithms (I),2019,10.1109/ICMLA.2019.00106,N. Knudde; I. Couckuyt; K. Shintani; T. Dhaene
98,Independent Component Analysis Based on Mutual Dependence Measures,independent component analysis;mutual dependence measures;multivariate analysis;random sampling;global optimization; Integrated circuits;Energy measurement;Optimization methods;Covariance matrices;Hypercubes;Bayes methods,"We apply both distance-based and kernel-based mutual dependence measures to independent component analysis (ICA), and generalize dCovICA to MDMICA, minimizing empirical dependence measures as an objective function in both deflation and parallel manners. Solving this minimization problem, we introduce Latin hypercube sampling (LHS), and a global optimization method, Bayesian optimization (BO) to improve the initialization of the Newton-type local optimization method. The performance of MDMICA is evaluated in various simulation studies and an image data example. When the ICA model is correct, MDMICA achieves competitive results compared to existing approaches. When the ICA model is misspecified, the estimated independent components are less mutually dependent than the observed components using MDMICA, while the estimated independent components are prone to be even more mutually dependent than the observed components using other approaches.",Machine Learning Algorithms (I),2019,10.1109/ICMLA.2019.00107,Z. Jin; D. S. Matteson; T. Zhang
99,Domain-Invariant Regression Under Beer-Lambert's Law,transfer learning;domain adaptation;moment alignment;chemometrics;partial least squares; Adaptation models;Training;Chemistry;Analytical models;Covariance matrices;Task analysis;Calibration,"We consider the problem of unsupervised domain adaptation (DA) in regression under the assumption of linear hypotheses (e.g. Beer-Lambert's law) - a task recurrently encountered in analytical chemistry. Following the ideas from the non-linear iterative partial least squares (NIPALS) method, we propose a novel algorithm that identifies a low-dimensional subspace aiming at the following two objectives: i) the projections of the source domain samples are informative w.r.t. the output variable and ii) the projected domain-specific input samples have a small covariance difference. In particular, the latent variable vectors that span this subspace are derived in closed-form by solving a constrained optimization problem for each subspace dimension adding flexibility for balancing the two objectives. We demonstrate the superiority of our approach over several state-of-the-art (SoA) methods on two typical DA scenarios involving unsupervised adaptation of multivariate calibration models between different process lines in melamine production and equality to SoA on a well-known benchmark dataset from analytical chemistry involving (unsupervised) model adaptation between different spectrometers. The former data set is provided along with this paper.",Machine Learning Algorithms (I),2019,10.1109/ICMLA.2019.00108,R. Nikzad-Langerodi; W. Zellinger; S. Saminger-Platz; B. Moser
100,Multiple Learning for Regression in Big Data,Big Data;Linear Regression;Weighted Linear Regression;Ridge Regression;Box-Cox Transformation; Linear regression;Computational modeling;Closed-form solutions;Mathematical model;Newton method;Iterative methods;Random access memory,"Regression problems that have closed-form solutions are well understood and can be easily implemented when the dataset is small enough to be all loaded into the RAM. Challenges arise when data are too big to be stored in RAM to compute the closed form solutions. Many techniques were proposed to overcome or alleviate the memory barrier problem but the solutions are often local optima. In addition, most approaches require loading the raw data to the memory again when updating the models. Parallel computing clusters are often expected in practice if multiple models need to be computed and compared. We propose multiple learning approaches that utilize an array of sufficient statistics (SS) to address the aforementioned big data challenges. The memory oblivious approaches break the memory barrier when computing regressions with closed-form solutions, including but not limited to linear regression, weighted linear regression, linear regression with Box-Cox transformation (Box-Cox regression) and ridge regression models. The computation and update of the SS arrays can be handled at per row level or per mini-batch level. And updating a model is as easy as matrix addition and subtraction. Furthermore, the proposed approaches also enable the computational parallelizability of multiple models because multiple SS arrays for different models can be computed simultaneously with a single pass of slow disk I/O access to the dataset. We implemented our approaches on Spark and evaluated over the simulated datasets. Results showed our approaches can achieve exact solutions of multiple models. The training time saved compared to the traditional methods is proportional to the number of models need to be investigated.",Machine Learning Algorithms (I),2019,10.1109/ICMLA.2019.00109,X. Liu; Z. Tang; H. Huang; T. Zhang; B. Yang
101,Kernel Selection for Modal Linear Regression: Optimal Kernel and IRLS Algorithm,Modal linear regression;Asymptotic normality;Optimal kernel;Biweight kernel;IRLS;Convergence;Epanechnikov kernel;Modal EM;Gaussian kernel; Kernel;Micromechanical devices;Convergence;Linear programming;Linear regression;Optimization;Bandwidth,"Modal linear regression (MLR) is a method for obtaining a conditional mode predictor as a linear model. We study kernel selection for MLR from two perspectives: ""which kernel achieves smaller error?"" and ""which kernel is computationally efficient?"". First, we show that a Biweight kernel is optimal in the sense of minimizing an asymptotic mean squared error of a resulting MLR parameter. This result is derived from our refined analysis of an asymptotic statistical behavior of MLR. Secondly, we provide a kernel class for which iteratively reweighted least-squares algorithm (IRLS) is guaranteed to converge, and especially prove that IRLS with an Epanechnikov kernel terminates in a finite number of iterations. Simulation studies empirically verified that using a Biweight kernel provides good estimation accuracy and that using an Epanechnikov kernel is computationally efficient. Our results improve MLR of which existing studies often stick to a Gaussian kernel and modal EM algorithm specialized for it, by providing guidelines of kernel selection.",Machine Learning Algorithms (I),2019,10.1109/ICMLA.2019.00110,R. Yamasaki; T. Tanaka
102,Deep Neuronal Based Classifiers for Wireless Multi-hop Network Mobility Models,"Deep Learning, Fully Connected, 1D Convolutional, Wireless Multi-hop Networks; Biological neural networks;Wireless sensor networks;Ad hoc networks;Wireless communication;Spread spectrum communication;Protocols;Measurement","Mobility plays an important role in the performance of wireless multi-hop networks. Since communications are established in a multi-hop fashion, the mobility of nodes can cause a significant degradation of the performance. Therefore, the analysis of nodes' mobility is relevant to improve the performance of the applications implemented over wireless multi-hop networks. This work evaluates two neuronal network models, such as fully connected or multi-layer perceptron and 1D convolutional models, for the classification of up to four widely used mobility models for wireless multi-hop networks. Several architectures are evaluated and parametrized for both models. The results indicate a considerable better performance of an architecture with 1D convolutional layers. The test results show that the best convolutional 1D model is able to reach an accuracy level of 0.91, outperforming the best multi-layer perceptron model in 13,9 %.",Deep Learning Applications,2019,10.1109/ICMLA.2019.00111,D. Gutiérrez; S. Toral
103,Deep Learning Approach to Trademark International Class Identification,"Convolutional Neural Networks, Gated Recurrent Unit, International Trademark Classes, Long Short Term Memory, Nice Classification, Recurrent Neural Networks, Trademark Text Classification, Word Embeddings.; Trademarks;Logic gates;Computer architecture;Recurrent neural networks;Natural language processing;Training","A trademark may be a word, phrase, symbol, sound, color, scent or design, or combination of these, that identifies and distinguishes the goods or services of a particular source from those of others. Obtaining a trademark is a complex, time intensive and costly process that involves varied steps before the trademark can be registered including searching prior trademarks, filing of the trademark application, review of the trademark application and final publication for opposition by the public. One of the crucial aspect in the review of the trademark application is determining the international classes of the filed marks based on their goods and services description. Currently, the process of identifying the international classes of a filed mark is performed manually in the United States Patent and Trademark Office (USPTO) and takes significant amount of time. Recently, word embeddings and deep neural networks (DNNs) have revolutionized the field of computer vision and demonstrated excellent performance in various natural language processing (NLP) tasks such as machine translation, speech recognition, sentence and document classification etc. to name a few. In this study, we explored fastText and different neural networks such as Convolution Neural Networks (CNN), Long Short Term Memory (LSTM), bidirectional versions of both LSTM and Gated Recurrent Unit (GRU) and Recurrent Convolutional Neural Network (RCNN) to automate the international class identification for the filed marks based on their goods and services description. Overall, it was found that the trademark word embeddings with RCNN model outperformed the other models. Our study thereby seeks to provide a solution towards the manual, time intensive and laborious process of identifying international classes for the trademarks.",Deep Learning Applications,2019,10.1109/ICMLA.2019.00112,G. Showkatramani; N. Khatri; A. Landicho; D. Layog
104,LSTM Based Bearing Fault Diagnosis of Electrical Machines using Motor Current Signal,"Ball bearings, AC Machines, fault diagnosis, fault detection, discrete wavelet transforms, wavelet packets, wavelet coefficients, learning (artificial intelligence), machine learning, deep learning, LSTM; Fault diagnosis;Feature extraction;Machine learning;Stators;Vibrations;Logic gates;Signal processing algorithms","Rolling element bearings are one of the most critical components of rotating machinery, with bearing faults amounting up to 50% of the faults in electrical machines. Therefore, the bearing fault diagnosis has attracted attention of many researchers. Typically, the bearing fault diagnosis is performed using vibration signals from the machine. In addition, by using deep learning algorithms on the vibration signals, the fault detection accuracy close to 100% can be achieved. However, measurement of vibration signals requires an additional sensor, which is not present in majority of the machines. Nevertheless, with an alternative approach, the stator current can be used for diagnosis. Therefore, the paper emphasizes on the diagnosis of bearing faults using the stator current. The diagnosis requires signal processing for the fault signature extraction that is buried underneath the noise in the current signal. The paper uses the Paderborn University damaged bearing dataset, which contains stator current data from healthy, real damaged inner raceway and real damaged outer raceway bearings with different fault severity. For fault signature extraction from the current signals, the redundant frequencies in the signals are filtered, then from the filtered signals eight features are extracted from the time and time-frequency domain by using the wavelet packet decomposition (WPD). Then, using these features and the well known deep learning algorithm Long Short-Term Memory (LSTM), bearing fault classification is made. The deep learning LSTM algorithm is mostly used in speech recognition due to its time coherence, but in this paper, the ability of LSTM is also demonstrated with the fault classification accuracy of 96%, which outperforms most of the present algorithms that perform bearing fault diagnosis using stator current. The method developed is independent of the speed and the loading conditions.",Deep Learning Applications,2019,10.1109/ICMLA.2019.00113,R. Sabir; D. Rosato; S. Hartmann; C. Guehmann
105,A Long-Short Term Memory Network for Detecting CRISPR Arrays,CRISPR Array Detection;Machine Learning;Long-Short Term Memory Network;Repeat Sequence Classification; Tools;Genomics;Bioinformatics;Microorganisms;Pipelines;Training;DNA,"Clustered Regularly Interspaced Short Palindromic Repeat is a pattern found in the DNA sequences of some archeal and bacterial organisms. Together with CRISPR associated genes, CRISPR arrays provide immunity against phages and other mobile exogenous elements. CRISPR-based immunity mechanism can be manipulated to perform genome editing at low cost. To improve the specificity of CRISPR-based genome editing, better software and experimental tools are needed, and accurate detection of CRISPR arrays in DNA sequences is the first step toward this goal. In this work, a CRISPR array detection pipeline, CRISPRLstm, is presented that leverages the power of artificial intelligence. More specifically, Long-Short Term Memory models are used to discriminate between valid and invalid arrays. The predictions by CRISPRLstm are better or in good agreement with other freely available tools, and CRISPRLstm outperforms Random forest classifier in identifying valid repeat sequences. CRISPRLstm predictor is publicly available as a web-based application with an interactive user interface.",Deep Learning Applications,2019,10.1109/ICMLA.2019.00114,S. Deshmukh; P. Heller; N. Khuri
106,An Edge Computing Visual System for Vegetable Categorization,convolutional neural network;image classification;deep learning;edge computing; Computational modeling;Convolution;Machine learning;Mobile handsets;Time factors;Edge computing;Neural networks,"In self-service supermarket and retail industry, efforts to reduce customer wait time using automatic grocery item identification are challenged by low recognition accuracy, long response time and substantial requirement for equipment. In this paper, we propose a novel edge computing system named EdgeVegfru for vegetable and fruit image classification. While existing work on Vegfru dataset shows excellent performance, few of them have been deployed in real-world applications. We adopt an edge computing paradigm, design, implement and evaluate the whole system on the Android devices. The proposed deep learning model and quantization algorithm reduce the model size and inference time significantly. Our system has shown out-standing accuracy within limited time and computation resources, compared with other machine learning methods(such as Support Vector Machine(SVM), Random Forest(RF)), thus providing the potential path for automatic recognition and pricing in self-service retail stores.",Object Detection,2019,10.1109/ICMLA.2019.00115,C. Liu; X. Wang; J. Ni; Y. Cao; B. Liu
107,Deep Learning-Based Object Detection for Digital Inspection in the Mining Industry,Deep Learning;Object Detection;Digital Inspection;Mining Industry; Belts;Object detection;Real-time systems;Inspection;Computer architecture;Graphics processing units;Machine learning,"In the mining industry, belt conveyors are essential for transporting large quantities of materials efficiently and inexpensively. The rollers are one of the main components of a belt conveyor. Their maintenance and operation are critical for material transportation during the mining activities. Despite that, its inspection has been done in the same way for almost 20 years, with little technological innovation. The inspection of the belt conveyor rollers automatically via object detection and thermal imaging can improve this process. Therefore, we propose a new system capable of running the detection of defective rollers in real time and with better precision and recall metrics than those of previous works. We based the object detection models on the YOLOv2 deep learning architecture. Comparing our results with previous work, we observe reductions on false discovery and false negative rates of 52.46% and 61.03%, respectively. We also evaluated three computing infrastructures, and the GPU-based one was the only that enabled real-time performance.",Object Detection,2019,10.1109/ICMLA.2019.00116,T. D'Angelo; M. Mendes; B. Keller; R. Ferreira; S. Delabrida; R. Rabelo; H. Azpurua; A. Bianchi
108,On the Performance of Extended Real-Time Object Detection and Attribute Estimation within Urban Scene Understanding,object detection;region-based CNN;convolutional neural networks;autonomous vehicles;Human-like Guidance; Object detection;Proposals;Estimation;Automobiles;Feature extraction;Color;Real-time systems,"Whilst real-time object detection has become an increasingly important task within urban scene understanding for autonomous driving, the majority of prior work concentrates on the detection of obstacles, dynamic scene objects (pedestrians, vehicles) and road sign-age within the scene. By contrast, for an autonomous vehicle to be truly able to interact with occupants and other road users using a common semantic understanding of the environment it is traversing it requires a considerably extended scene understanding capability. In this work, we consider the performance of extended ""long-list"" object detection, via an extended end-to-end Region-based Convolutional Neural Network (R-CNN) architecture, over a large-scale 31 class detection problem of urban scene objects with integrated object attribute estimation for appropriate colour and primary orientation. We examine the extended performance of this multiple class object detection and attribute estimation task operating in real-time with on-vehicle processing at 10 fps. Our work is evaluated under a range of real-world automotive conditions across multiple complex and cluttered urban environments.",Object Detection,2019,10.1109/ICMLA.2019.00117,K. Ismail; T. Breckon
109,MobileNet-Tiny: A Deep Neural Network-Based Real-Time Object Detection for Rasberry Pi,object detection;embedded vision; Convolution;Graphics processing units;Object detection;Neural networks;Computer architecture;Real-time systems;Computational modeling,"In this paper, we present a new neural network architecture, MobileNet-Tiny that can be used to harness the power of GPU based real-time object detection in raspberry-pi and also in devices with the absence of a GPU and limited graphic processing capabilities such as mobile phones, laptops, etc. MobileNet-Tiny trained on COCO dataset running on a non-Gpu laptop dell XPS 13, achieves an accuracy of 19.0 mAP and a speed of 19.4 FPS which is 3 times as fast as MobileNetV2, and when running on a raspberry pi, it achieves a speed of 4.5 FPS which is up to 7 times faster than MobileNetV2. MobileNet-Tiny was modeled to offer a compact, quick, and well-balanced object detection solution to a variety of GPU restricted devices.",Object Detection,2019,10.1109/ICMLA.2019.00118,N. S. Sanjay; A. Ahmadinia
110,Experimental Exploration of Compact Convolutional Neural Network Architectures for Non-Temporal Real-Time Fire Detection,binary fire detection;real time;non-temporal;reduced complexity;deep convolutional neural network;superpixel;localization; Computer architecture;Convolution;Task analysis;Complexity theory;Image color analysis;Kernel;Machine learning,"In this work we explore different Convolutional Neural Network (CNN) architectures and their variants for non-temporal binary fire detection and localization in video or still imagery. We consider the performance of experimentally defined, reduced complexity deep CNN architectures for this task and evaluate the effects of different optimization and normalization techniques applied to different CNN architectures (spanning the Inception, ResNet and EfficientNet architectural concepts). Contrary to contemporary trends in the field, our work illustrates a maximum overall accuracy of 0.96 for full frame binary fire detection and 0.94 for superpixel localization using an experimentally defined reduced CNN architecture based on the concept of InceptionV4. We notably achieve a lower false positive rate of 0.06 compared to prior work in the field presenting an efficient, robust and real-time solution for fire region detection.",Object Detection,2019,10.1109/ICMLA.2019.00119,G. S. C.A.; N. Bhowmik; T. P. Breckon
111,Text Similarity in Vector Space Models: A Comparative Study,"text similarity , vector space model , text embedding , patent , big data; Patents;Semantics;Predictive models;Vocabulary;Context modeling;Task analysis;Computational modeling","Automatic measurement of semantic text similarity is an important task in natural language processing. In this paper, we evaluate the performance of different vector space models to perform this task. We address the real-world problem of modeling patent-to-patent similarity and compare TFIDF (and related extensions), topic models (e.g., latent semantic indexing), and neural models (e.g., paragraph vectors). Contrary to expectations, the added computational cost of text embedding methods is justified only when: 1) the target text is condensed; and 2) the similarity comparison is trivial. Otherwise, TFIDF performs surprisingly well in other cases: in particular for longer and more technical texts or for making finer-grained distinctions between nearest neighbours. Unexpectedly, extensions to the TFIDF method, such as adding noun phrases or calculating term weights incrementally, were not helpful in our context.",Text Mining,2019,10.1109/ICMLA.2019.00120,O. Shahmirzadi; A. Lugowski; K. Younge
112,Suggestion Mining from Online Reviews usingRandom Multimodel Deep Learning,"Suggestion Mining, Random Multimodel Deep Learning; Machine learning;Data mining;Task analysis;Neural networks;Data models;Training;Feature extraction","In this paper, we propose a new deep learning based method for suggestion mining. The major challenges of suggesion mining include cross domain issue and the issues caused by unstructured and highly imbalanced data structure. To overcome these challenges, we propose to apply Random Multimodel Deep Learning (RMDL) which combines three different deep learning architectures (DNNs, RNNs and CNNs) and automatically selects the optimal hyper parameter to improve the robustness and flexibility of the model. Our experimental results on the SemEval-2019 competition Task 9 data sets demonstrate that our proposed RMDL outperforms most of the existing suggestion mining methods.",Text Mining,2019,10.1109/ICMLA.2019.00121,F. Liu; L. Wang; X. Zhu; D. Wang
113,Mining Strengths and Weaknesses of Cricket Players Using Short Text Commentary,dimensionality reduction;short text mining;sports data mining; Games;Feature extraction;Data mining;Machine learning;Planning;Task analysis,"Knowledge of strengths and weaknesses of players is the key for team selection and strategy planning in any team sport such as Cricket. Computationally, this problem is mostly unexplored. Existing methods focus only on aggregate and macroscopic statistics that ignore many details. The central idea of our paper is to mine strength and weakness rules using short text commentary data. This dataset is compact, semi-structured, accurate, and yet ignored by the machine learning community until now. We collect fine-grained information about each player from the short text commentary dataset and represent it using domain-specific features identified by us. We employ a dimensionality reduction method specific to discrete random variable case, namely correspondence analysis and construct semantic relation between bowler and batsman. This relation is plotted using biplots. Human readable strength and weakness rules are extracted from the biplots. We have performed experiments using a large dataset that describes over one million deliveries. We validate our extracted rules using both intrinsic and extrinsic validation.",Text Mining,2019,10.1109/ICMLA.2019.00122,S. R. Behera; P. Agrawal; A. Awekar; V. S. Vedula
114,Does Semantic Search Performs Better than Lexical Search in the Task of Assisting Legal Opinion Writing?,"Legal Information Retrieval, Topic Modeling, Semantic Search; Law;Semantics;Information retrieval;Indexing;Task analysis;Large scale integration","Many of the criminal cases analysed by the Prosecution Office of the Federal District and Territories are repetitive and processing them can be streamlined by providing similar previous cases as template. We investigate the use of information retrieval techniques to enable automated identification of similar cases and evaluate if semantic search performs better than lexical search in the task of assisting legal opinion writing. As a proof of concept, syntactic indexing (TF-IDF and BM25) and semantic indexing (Latent Semantic Indexing - LSI and Latent Dirichlet Allocation - LDA) techniques were evaluated using document collections from two public prosecutors offices. In addition, we evaluate model enrichment with the use of recorded data about the cases, and also with the legal norm citations observed in documents. Baseline document collections sampled from full document collection from two public prosecutors offices were used for model evaluation utilizing Normalized Discounted Cumulated Gain (NDCG) as metric. We conclude that there is no significant performance difference between semantic and syntactic indexing techniques. In addition, we observe no significant performance gain with model enrichment. We chose the BM25 technique as more adequate because it has a good balance between performance and simplicity.",Text Mining,2019,10.1109/ICMLA.2019.00123,D. de Souza Costa Pedroso; M. Ladeira; T. de Paulo Faleiros
115,Feedback Learning for Improving the Robustness of Neural Networks,robustness;neural networks;decision space;evasion attacks;feedback learning; Robustness;Neural networks;Training;Machine learning;Perturbation methods;Indexes;Security,"Recent research studies revealed that neural networks are vulnerable to adversarial attacks. State-of-the-art defensive techniques add various adversarial examples in training to improve models' adversarial robustness. However, these methods are not universal and can't defend unknown or non-adversarial evasion attacks. In this paper, we analyze the model robustness in the decision space. A feedback learning method is then proposed, to understand how well a model learns and to facilitate the retraining process of remedying the defects. The evaluations according to a set of distance-based criteria show that our method can significantly improve models' accuracy and robustness against different types of evasion attacks. Moreover, we observe the existence of inter-class inequality and propose to compensate for it by changing the proportions of examples generated in different classes.",Deep Learning Algorithms (II),2019,10.1109/ICMLA.2019.00124,C. Song; Z. Wang; H. Li
116,Disentangling and Learning Robust Representations with Natural Clustering,Representation Learning;Dimensionality reduction;Disentangling;Natural Clustering;Variational Autoencoders; Image reconstruction;Decoding;Data models;Azimuth;Manifolds;Standards;Neural networks,"Learning representations that disentangle the underlying factors of variability in data is an intuitive way to achieve generalization in deep models. In this work, we address the scenario where generative factors present a multimodal distribution due to the existence of class distinction in the data. We propose N-VAE, a model which is capable of separating factors of variation which are exclusive to certain classes from factors that are shared among classes. This model implements an explicitly compositional latent variable structure by defining a class-conditioned latent space and a shared latent space. We show its usefulness for detecting and disentangling class-dependent generative factors as well as its capacity to generate artificial samples which contain characteristics unseen in the training data.",Deep Learning Algorithms (II),2019,10.1109/ICMLA.2019.00125,J. Antoran; A. Miguel
117,Forcing Interpretability for Deep Neural Networks through Rule-Based Regularization,Interpretable machine learning;Explainability;rule based regularization;neural networks; Training;Artificial neural networks;Complexity theory;Numerical models;Measurement;Predictive models,"Remarkable progress in the field of machine learning strongly drives the research in many application domains. For some domains, it is mandatory that the output of machine learning algorithms needs to be interpretable. In this paper, we propose a rule-based regularization technique to enforce interpretability for neural networks (NN). For this purpose, we train a rule-based surrogate model simultaneously with the NN. From the surrogate, a metric quantifying its degree of explainability is derived and fed back to the training of the NN as a regularization term. We evaluate our model on four datasets and compare it to unregularized models as well as a decision tree (DT) based baseline. The rule-based regularization approach achieves interpretability and competitive accuracy.",Deep Learning Algorithms (II),2019,10.1109/ICMLA.2019.00126,N. Burkart; M. Huber; P. Faller
118,Low-Bit Quantization and Quantization-Aware Training for Small-Footprint Keyword Spotting,keyword spotting;quantization-aware training;small-footprint; Quantization (signal);Training;Transforms;Industries;Machine learning;Decoding;Standards,"In this paper, we investigate novel quantization approaches to reduce memory and computational footprint of deep neural network (DNN) based keyword spotters (KWS). We propose a new method for KWS offline and online quantization, which we call dynamic quantization, where we quantize DNN weight matrices column-wise, using each column's exact individual min-max range, and the DNN layers' inputs and outputs are quantized for every input audio frame individually, using the exact min-max range of each input and output vector. We further apply a new quantization-aware training approach that allows us to incorporate quantization errors into KWS model during training. Together, these approaches allow us to significantly improve the performance of KWS in 4-bit and 8-bit quantized precision, achieving the end-to-end accuracy close to that of full precision models while reducing the models' on-device memory footprint by up to 80%.",Deep Learning Algorithms (II),2019,10.1109/ICMLA.2019.00127,Y. Mishchenko; Y. Goren; M. Sun; C. Beauchene; S. Matsoukas; O. Rybakov; S. N. P. Vitaladevuni
119,Large-Scale Gender/Age Prediction of Tumblr Users,label propagation;CNN;age prediction;gender prediction; Blogs;Machine learning;Predictive models;Task analysis;Demography;Prediction algorithms;Multilayer perceptrons,"Tumblr, as a leading content provider and social media, attracts 371 million monthly visits, 280 million blogs and 53.3 million daily posts. The popularity of Tumblr provides great opportunities for advertisers to promote their products through sponsored posts. However, it is a challenging task to target specific demographic groups for ads, since Tumblr does not require user information like gender and ages during their registration. Hence, to promote ad targeting, it is essential to predict user's demography using rich content such as posts, images and social connections. In this paper, we propose graph based and deep learning models for age and gender predictions, which take into account user activities and content features. For graph based models, we come up with two approaches, network embedding and label propagation, to generate connection features as well as directly infer user's demography. For deep learning models, we leverage convolutional neural network (CNN) and multilayer perceptron (MLP) to prediction users' age and gender. Experimental results on real Tumblr daily dataset, with hundreds of millions of active users and billions of following relations, demonstrate that our approaches significantly outperform the baseline model, by improving the accuracy relatively by 81% for age, and the AUC and accuracy by 5% for gender.",Social Networks and Event Mining,2019,10.1109/ICMLA.2019.00128,Y. Zhang; C. Hu; Y. Hu; T. Kasturi; S. Ramasamy; M. Gillingham; K. Yamamoto
120,Legislative Vote Prediction using Campaign Donations and Fuzzy Hierarchical Communities,"social network, campaign finance, fuzzy clustering; Decision trees;Legislation;Clustering algorithms;Social network services;Vegetation;Entropy;Impurities","An important aspect of social networks is the discovery and partitioning of the complex graphs into dense sub-networks referred to as communities. The goal of such partitioning is to find groups who have similar attributes or behaviors. In the realm of politics, it is possible to group individuals with similar political behavior by analyzing campaign finance records. In this paper we use fuzzy hierarchical spectral clustering to find communities with campaign finance networks. Multiple experiments were performed using varying edge weighting, number and type of communities, as well as analyzing multiple different years of voting data. The results show that using the full hierarchy of community assignments for legislators is highly predictive of voting behavior in the US House of Representatives and Senate.",Social Networks and Event Mining,2019,10.1109/ICMLA.2019.00129,S. Wahl; J. Sheppard; E. Shanahan
121,Evaluation of Event Impact on Key Performance Indicators,"Event impact analysis, Time series forecasting, Recurrent Neutral Networks, Hypothesis testing; Time series analysis;Testing;Market research;Forecasting;Maintenance engineering;Recurrent neural networks;Systematics","Monitoring and understanding the performance of equipment and operations is a real and challenging problem in industrial and commercial settings. Although many operations have a set of agreed-upon Key Performance Indicators (KPIs) that have been defined by domain experts, most of these KPIs suffer from many issues including but not limited to sensitivity to seasonality and load conditions, approximate and inaccurate calculations, and measurement noise. This makes further analysis of these measurements a real challenge. This paper focuses on answering a simple yet crucial question in regards to KPI monitoring: ""Have a given event made an impact on the performance of an operation?"". The paper presents an approach to answer this question in a systematic and statistically-sound way while alleviating the aforementioned problems with the provided KPIs. The key idea behind the proposed approach is to predict the would-be performance as if the event has not happened. The approach then applies a three-way hypothesis testing on the difference between the would-be and actual performance to determine whether the event resulted in improvement, degradation or no-change in performance. Results from simulation study and experiments on real use cases demonstrate the effectiveness and usability of the proposed approach.",Social Networks and Event Mining,2019,10.1109/ICMLA.2019.00130,Q. Wang; A. Farahat; K. Ristovski; C. Gupta; S. Zheng
122,Complete Rare Event Specification using Stochastic Treatment: CRESST,Count Time Series;Non Homogeneous Poisson Process;Dynamic Time Warping;Discords;Anomaly Detection;Deviation Score;Relative Local Density;Clustering; Time series analysis;Market research;Stochastic processes;Hazards;Anomaly detection;Product safety;Numerical models,"In the fast moving world today, rare events are becoming increasingly common. Ranging from studying incidents of safety hazards to identifying transaction fraud, they all fall under the radar of rare events. Identifying and studying rare events become of crucial importance, particularly when the underlying event conforms to a sensitive or an adverse issue. The thing to note here is, despite the probability of occurrence being very close to zero, the potential specification of the rare event could be quite extensive. For example, within the parent rare event of Product Safety, there could be multiple types of potential hazard, rendering the sub-classes rarer still. In this paper, we are going to explore a novel algorithm designed to study a rare event and its sub-classes over time with primary focus on forecast and detecting anomalies. The anomalies studied here are relative anomalies i.e., they may not contribute to the long-term trend of the rare time series but represent deviation from the base state as seen in the immediate past.",Social Networks and Event Mining,2019,10.1109/ICMLA.2019.00131,D. Banerjee; R. Menon
123,Machine Learning Models to Identify the Risk of Modern Slavery in Brazilian Cities,Machine learning;Logistic Regression;Gradient Boosting;data mining;imbalanced dataset;Lasso;slavery; Predictive models;Logistics;Mathematical model;Boosting;Prediction algorithms;Urban areas,"The scope of modern slavery encompasses human trafficking, forced labor, debt bondage and child labor. This article proposes the use of predictive models to identify the risk of modern slavery in Brazilian cities using real socioeconomic, demographic and rescue operations data. The study uses the embedded technique with Lasso regularization (L1) to select variables. A comparative analyze of techniques for treatment of imbalanced data was applied and the results indicated the Random Over-Sampling (ROS) as the best one. In total, 16 models are evaluated, consisting of 8 different data sets and two classifiers: Logistic Regression (LR) and Gradient Boosting Machine (GBM). The results indicate that the GBM model has better performance and efficiency, with accuracy of 77%, AUC 80% and G-mean of 71%.",Machine Learning on Imbalanced Data,2019,10.1109/ICMLA.2019.00132,M. da Silva Santos; M. Ladeira; G. C. G. Van Erven; G. Luiz da Silva
124,An Empirical Comparison of Classification Algorithms for Imbalanced Credit Scoring Datasets,"Credit scoring, Imbalanced datasets, Classification, Benchmarking; Machine learning;Biological system modeling;Decision trees;Support vector machines;Training;Computational modeling;Area measurement","The profitability of banks is highly dependent on credit scoring models, which support decision making to approve a loan to a customer. State-of-the-art credit scoring models are based on learning methods. These methods need to cope with the problem of imbalanced classes since credit scoring datasets usually contain mainly paid loans and few defaults (unpaid ones). Recently, new imbalanced learning techniques have been proposed in the literature, and they can improve the credit scoring results. Motivated by this scenario, we evaluate several classification approaches to credit scoring. Besides, we also assess some preprocessing methods to overcome skewed datasets. To achieve it, we use three public real-world credit scoring datasets. In our experiments, we progressively increase the class imbalance in each of these datasets by randomly undersampling the minority class of defaulters to identify how the predictive power is affected. The results indicate that random forest, extreme gradient boosting perform very well in all imbalance levels. We also find that a complete grid search step can increase the prediction power of classification approaches in high imbalanced datasets.",Machine Learning on Imbalanced Data,2019,10.1109/ICMLA.2019.00133,L. Soares de Melo Junior; F. M. Nardini; C. Renso; J. A. Fernandes de Macêdo
125,Deep Learning and Thresholding with Class-Imbalanced Big Data,"Artificial Neural Networks, Deep Learning, Class Imbalance, Thresholding, Data Sampling, Fraud Detection; Machine learning;Training;Data models;Measurement;Neural networks;Training data;Big Data","Class imbalance is a regularly occurring problem in machine learning that has been studied extensively over the last two decades. Various methods for addressing class imbalance have been introduced, including algorithm-level methods, datalevel methods, and hybrid methods. While these methods are well studied using traditional machine learning algorithms, there are relatively few studies that explore their application to deep neural networks. Thresholding, in particular, is rarely discussed in the deep learning with class imbalance literature. This paper addresses this gap by conducting a systematic study on the application of thresholding with deep neural networks using a Big Data Medicare fraud data set. We use random oversampling (ROS), random under-sampling (RUS), and a hybrid ROS-RUS to create 15 training distributions with varying levels of class imbalance. With the fraudulent class size ranging from 0.03%-60%, we identify optimal classification thresholds for each distribution on random validation sets and then score the thresholds on a 20% holdout test set. Through repetition and statistical analysis, confidence intervals show that the default threshold is never optimal when training data is imbalanced. Results also show that the optimal threshold outperforms the default threshold in nearly all cases, and linear models indicate a strong linear relationship between the minority class size and the optimal decision threshold. To the best of our knowledge, this is the first study to provide statistical results that describe optimal classification thresholds for deep neural networks over a range of class distributions.",Machine Learning on Imbalanced Data,2019,10.1109/ICMLA.2019.00134,J. M. Johnson; T. M. Khoshgoftaar
126,Learning Curve Estimation with Large Imbalanced Datasets,"learning curve, big data, inverse power law, sample size determination; Machine learning;Data models;Estimation;Big Data;Convergence;Computational modeling;Medical services","Datasets for machine learning are constantly increasing in size, along with computational requirements for processing the data. A useful exercise for machine learning experiments is to approximate model performance as dataset size increases. This can inform application building and data collection efforts as well as improve computational efficiency by using subsets of the data. In this paper, we evaluate a learning curve estimation method on three large imbalanced datasets. Estimation is performed by fitting an inverse power law model to a learning curve created on a small amount of data. We then explore how well this estimated curve fits to the full learning curve of each dataset. The method has been previously evaluated for small datasets (hundreds or thousands of instances), and in this study we show that the method is indeed effective for larger datasets with millions of instances. This is beneficial because only a few thousand instances are required to accurately estimate the performance of models using millions of instances. To the best of our knowledge, this is the first study to systematically explore the use of an inverse power law curve fitting method for big data.",Machine Learning on Imbalanced Data,2019,10.1109/ICMLA.2019.00135,A. N. Richter; T. M. Khoshgoftaar
127,PPD: Permutation Phase Defense Against Adversarial Examples in Deep Learning,"adversarial examples, defense, deep neural networks; Conferences;Machine learning","Deep neural networks have demonstrated cutting edge performance on various tasks including classification. However, it is well known that adversarially designed imperceptible perturbation of the input can mislead advanced classifiers. In this paper, Permutation Phase Defense (PPD), is proposed as a novel method to resist adversarial attacks. PPD combines random permutation of the image with phase component of its Fourier transform. The basic idea behind this approach is to turn adversarial defense problems analogously into symmetric cryptography, which relies solely on safekeeping of the keys for security. In PPD, safe keeping of the selected permutation ensures effectiveness against adversarial attacks. Testing PPD on MNIST and CIFAR-10 datasets yielded state-of-the-art robustness against the most powerful adversarial attacks currently available.",Deep Learning Algorithms (III),2019,10.1109/ICMLA.2019.00136,M. Jafarnia-Jahromi; T. Chowdhury; H. -T. Wu; S. Mukherjee
128,Multi-adversarial Variational Autoencoder Networks,"Deep-generative-models,-GANs,-VAEs,-semi-supervised-learning,-image-classification,-image-generation; Gallium nitride;Training;Data models;Generators;Image generation;Computational modeling;Supervised learning","The unsupervised training of GANs and VAEs has enabled them to generate realistic images mimicking real-world distributions and perform unsupervised clustering or semi-supervised classification of images. Combining the power of these two generative models, we introduce a novel network architecture, Multi-Adversarial Variational autoEncoder Networks (MAVENs), which incorporate an ensemble of discriminators in a combined VAE-GAN network, with simultaneous adversarial learning and variational inference. We apply MAVENs to the generation of synthetic images and propose a new distribution measure to evaluate the quality of the generated images. Our experimental results using the computer vision datasets SVHN and CIFAR-10 demonstrate competitive performance against state-of-the-art semi-supervised models both in image generation and classification tasks.",Deep Learning Algorithms (III),2019,10.1109/ICMLA.2019.00137,A. -A. -Z. Imran; D. Terzopoulos
129,Gradient Boosted Trees with Extrapolation,machine learning;gradient boosting;extrapolation;binary classification;regression;decision trees; Decision trees;Training;Training data;Prediction algorithms;Extrapolation;Vegetation;Boosting,"Gradient boosted decision tree algorithms only make it possible to interpolate data. Therefore, the prediction quality degrades if one of the features, such as time, lies outside the boundaries of training data set. It is hard to eliminate these types of features because they can affect other features indirectly. Our new quick and robust extrapolation algorithm, ExtraBoost, for binary classification and regression problems can handle these dependencies and perform functional analyses, e.g., derivative analysis. In this article we describe the mathematical background of ExtraBoost, perform a running time analysis of the learning and inference stages in terms of big-O notation and evaluate the Tensorflow GPU-friendly implementation of the algorithm. Due to the lack of public binary classification data sets with indirect time dependencies, we propose a method of generating such data sets as well as an example of a data set based on data from a commercial search engine.",Deep Learning Algorithms (III),2019,10.1109/ICMLA.2019.00138,A. Malistov; A. Trushin
130,Joint Regularization on Activations and Weights for Efficient Neural Network Pruning,"DNN compression, joint regularization, weight pruning, activation pruning.; Computational modeling;Neurons;Training;Mathematical model;Optimization;Propagation losses;Biological neural networks","With the rapid scaling up of deep neural networks (DNNs), extensive research studies on network model compression such as weight pruning have been performed for improving deployment efficiency. This work aims to advance the compression beyond the weights to neuron activations. We propose the joint regularization technique which simultaneously regulates the distribution of weights and activations. By distinguishing and leveraging the significance difference among neuron responses and connections during learning, the jointly pruned network, namely JPnet, optimizes the sparsity of activations and weights for improving execution efficiency. The derived deep sparsification of JPnet reveals more optimization space for the existing DNN accelerators dedicated for sparse matrix operations. We thoroughly evaluate the effectiveness of joint regularization through various network models with different activation functions and on different datasets. With 0.4% degradation constraint on inference accuracy, a JPnet can save 72.3% ~ 98.8% of computation cost compared to the original dense models, with up to 5.2x and 12.3x reductions in activation and weight numbers, respectively.",Deep Learning Algorithms (III),2019,10.1109/ICMLA.2019.00139,Q. Yang; W. Wen; Z. Wang; H. Li
131,Language-Agnostic Syllabification with Neural Sequence Labeling,Neural networks;Supervised learning;Natural language processing; Hidden Markov models;Task analysis;Labeling;Speech recognition;Neural networks;Phonetics;Tagging,"The identification of syllables within phonetic sequences is known as syllabification. This task is thought to play an important role in natural language understanding, speech production, and the development of speech recognition systems. The concept of the syllable is cross-linguistic, though formal definitions are rarely agreed upon, even within a language. In response, data-driven syllabification methods have been developed to learn from syllabified examples. These methods often employ classical machine learning sequence labeling models. In recent years, recurrence-based neural networks have been shown to perform increasingly well for sequence labeling tasks such as named entity recognition (NER), part of speech (POS) tagging, and chunking. We present a novel approach to the syllabification problem which leverages modern neural network techniques. Our network is constructed with long short-term memory (LSTM) cells, a convolutional component, and a conditional random field (CRF) output layer. Existing syllabification approaches are rarely evaluated across multiple language families. To demonstrate cross-linguistic generalizability, we show that the network is competitive with state of the art systems in syllabifying English, Dutch, Italian, French, Manipuri, and Basque datasets.",Natural Language Processing,2019,10.1109/ICMLA.2019.00141,J. Krantz; M. Dulin; P. De Palma
132,Investigating Input and Output Units in Diacritic Restoration,"Diacritic restoration, Subword Information, BiLSTM-CRF; Hidden Markov models;Training;Vocabulary;Measurement;Task analysis;Semantics;Syntactics","Diacritic restoration is the task of assigning diacritics (accents) for each character in a given segment. The typical input levels that have been previously used in diacritic restoration models are word and/or character units. In this paper, we investigate the use of subwords as input units along with their diacritic patterns (combinations of adjacent diacritics) as output, as an alternative to word or character-based models. Our experiments show that characters provide the optimal level of information for sequence-based diacritic restoration models across different languages. We additionally improved our diacritic restoration model by maximizing over the output diacritic sequence using a Conditional Random Field (CRF). Adding a CRF layer improves the performance on observed and unobserved words substantially for Arabic and marginally for Yoruba.",Natural Language Processing,2019,10.1109/ICMLA.2019.00142,S. Alqahtani; M. Diab
133,Ensemble Bayesian Decision Making with Redundant Deep Perceptual Control Policies,Bayesian Neural Networks;End-to-End Control;Ensemble Control;Safety-critical Systems; Uncertainty;Artificial neural networks;Task analysis;Autonomous vehicles;Bayes methods;Global Positioning System,"This work presents a novel ensemble of Bayesian Neural Networks for control of safety-critical systems. Decision making for safety-critical systems is challenging due to performance requirements with significant consequences in the event of failure. In practice, failure of such systems can be avoided by introducing redundancies of control. Neural Networks are generally not used for safety-critical systems as they can behave in unexpected ways in response to novel inputs. In addition, there may not be any indication as to when they will fail. BNNs have been recognized for their ability to produce not only viable outputs but also provide a measure of uncertainty in these outputs. This work combines the knowledge of prediction uncertainty obtained from BNNs and ensemble control for a redundant control methodology. Our technique is applied to an agile autonomous driving task. Multiple BNNs are trained to control a vehicle in an end-to-end fashion on different sensor inputs provided by the system. We show that an individual network is successful in maneuvering around the track but crashes in the presence of unforeseen input noise. Our proposed ensemble of BNNs shows successful task performance even in the event of multiple sensor failures.",Machine Learning for Self Driving,2019,10.1109/ICMLA.2019.00145,K. Lee; Z. Wang; B. Vlahov; H. Brar; E. A. Theodorou
134,Automatic CNN Compression System for Autonomous Driving,DNN;CNN;compression;automation;FPGA;Hyperband;autonomous driving; Neurons;Optimization;Tuning;Training;Image coding;Bayes methods;Neural networks,"A system has been developed to realize autonomous driving (AD) with Convolutional Neural Networks (CNNs). To apply CNNs to AD, the amount of calculations must be compressed with little decline in accuracy because it is too large to implement in the in-vehicle processors. However, in the conventional methods, an optimal configuration for CNN compression takes a long time to explore. In this paper, we propose a technique to explore an optimal configuration within a short time by combining both training time reduction per configuration and the priority search only around the optimal solution. The results shown that the proposed system can reduce processing time and improve mean Average Precision (mAP) by 70.0% and 2.19 pt. compared with conventional methods, respectively.",Machine Learning for Self Driving,2019,10.1109/ICMLA.2019.00146,D. Murata; T. Motoya; H. Ito
135,Discretionary Lane Change Decision Making using Reinforcement Learning with Model-Based Exploration,Reinforcement learning;Autonomous vehicle;Exploration; Decision making;Learning (artificial intelligence);Mathematical model;Machine learning;Safety;Kinematics;Training,"Deep reinforcement learning (DRL) techniques have been used to solve a discretionary lane change decision-making problem and are showing promising results. However, since the input information for the discretionary lane change problem is continuous and can be in high dimension, it is an open challenge for DRL to optimize the exploration-exploitation trade-off. Conventional model-less exploration methods lack a systematic way to incorporate additional engineering or model-based knowledge of our application into consideration and as a result, the training can be inefficient and may dwell on a policy, e.g. lane change strategy that is impractical. In previous related work, many used the rule-based safety check policy to guide the exploration and collect input information data. However, it is not guaranteed to get the optimal policy and the performance is dependent on the safety check policy selected. In this paper, we developed an explicit statistical aggregated environment model using a conditional variational auto-encoder and a model-based exploration strategy leveraging it. The agent is guided to explore with surprise-based intrinsic reward derived from the environment model. The result is compared with annealing epsilon-greedy exploration and with rule-based safety check exploration. We demonstrate that the performance of the developed model-based exploration method is comparable with the best rule-based safety check exploration and much better than the epsilon-greedy exploration.",Machine Learning for Self Driving,2019,10.1109/ICMLA.2019.00147,S. Zhang; H. Peng; S. Nageshrao; E. Tseng
136,Colorectal Polyp Segmentation by U-Net with Dilation Convolution,"colonoscopy, colorectal polyp segmentation, convolutional neural network; Convolution;Image segmentation;Cancer;Decoding;Semantics;Colonoscopy;Feature extraction","Colorectal cancer (CRC) is one of the most commonly diagnosed cancers and a leading cause of cancer deaths in the United States. Colorectal polyps that grow on the intima of the colon or rectum is an important precursor for CRC. Currently, the most common way for colorectal polyp detection and precancerous pathology is the colonoscopy. Therefore, accurate colorectal polyp segmentation during the colonoscopy procedure has great clinical significance in CRC early detection and prevention. In this paper, we propose a novel end-to-end deep learning framework for the colorectal polyp segmentation. The model we design consists of an encoder to extract multi-scale semantic features and a decoder to expand the feature maps to a polyp segmentation map. We improve the feature representation ability of the encoder by introducing the dilated convolution to learn high-level semantic features without resolution reduction. We further design a simplified decoder which combines multi-scale semantic features with fewer parameters than the traditional architecture. Furthermore, we apply three post processing techniques on the output segmentation map to improve colorectal polyp detection performance. Our method achieves state-of-the-art results on CVC-ClinicDB and ETIS-Larib Polyp DB.",Machine Learning for Self Driving,2019,10.1109/ICMLA.2019.00148,X. Sun; P. Zhang; D. Wang; Y. Cao; B. Liu
137,Predicting Music Popularity Using Music Charts,machine learning;popularity prediction;music prediction;Spotify; Feature extraction;Data mining;Music;Social network services;Support vector machines;Data models,"Online streaming platforms have become the most important method of music consumption. Most streaming platforms provide tools to assess the popularity of a song by means of scores and rankings. In this paper, we present a methodology for predicting if a song will appear on Spotify's Top 50 Global ranking after a certain amount of time. Spotify is one of the biggest streaming services and if a song is popular on this platform, it is likely to ensure good financial return to the artists and their label. We approach the problem as a classification task and employ classifiers built on past information from the platform's Top 50 Global ranking, in addition to acoustic features from the songs. The Support Vector Machine classifier with RBF kernel reached the best results in our experiments with an AUC higher than 80% when predicting the popularity of songs two months in advance.",Machine Learning on Acoustic Data,2019,10.1109/ICMLA.2019.00149,C. V. Soares Araujo; M. A. Pinheiro de Cristo; R. Giusti
138,Classifying Humpback Whale Calls to Song and Non-Song Vocalizations using Bag of Words Descriptor on Acoustic Data,bioacoustic;ocean acoustic;remote sensing;humpback whale;vocalization;SVM;Neural Networks;Bag of Words;wavelet;song;nonsong;passive acoustic;classification;beamforming;array processing; Whales;Sonar equipment;Acoustics;Spectrogram;Support vector machines;Time-frequency analysis;Array signal processing,"Humpback whale behavior, population distribution and structure can be inferred from long term underwater passive acoustic monitoring of their vocalizations. Here we develop automatic approaches for classifying humpback whale vocalizations into the two categories of song and non-song, employing machine learning techniques. The vocalization behavior of humpback whales was monitored over instantaneous vast areas of the Gulf of Maine using a large aperture coherent hydrophone array system via the passive ocean acoustic waveguide remote sensing technique over multiple diel cycles in Fall 2006. We use wavelet signal denoising and coherent array processing to enhance the signal-to-noise ratio. To build features vector for every time sequence of the beamformed signals, we employ Bag of Words approach to time-frequency features. Finally, we apply Support Vector Machine (SVM), Neural Networks, and Naive Bayes to classify the acoustic data and compare their performances. Best results are obtained using Mel Frequency Cepstrum Coefficient (MFCC) features and SVM which leads to 94% accuracy and 72.73% F1-score for humpback whale song versus non-song vocalization classification, showing effectiveness of the proposed approach for real-time classification at sea.",Machine Learning on Acoustic Data,2019,10.1109/ICMLA.2019.00150,H. Mohebbi-Kalkhoran; C. Zhu; M. Schinault; P. Ratilal
139,Acoustic Scene Classification Using Deep Mixtures of Pre-trained Convolutional Neural Networks,Acoustic Scene Classification Using Deep Mixtures Of Pre trained Convolutional Neural Networks; Convolution;Acoustics;Spectrogram;Training;Feature extraction;MONOS devices;Data structures,"We propose a heterogeneous system of Deep Mixture of Experts (DMoEs) models using different Convolutional Neural Networks (CNNs) for acoustic scene classification (ASC). Each DMoEs module is a mixture of different parallel CNN structures weighted by a gating network. All CNNs use the same input data. The CNN architectures play the role of experts extracting a variety of features. The experts are pre-trained, and kept fixed (frozen) for the DMoEs model. The DMoEs is post-trained by optimizing weights of the gating network, which estimates the contribution of the experts in the mixture. In order to enhance the performance, we use an ensemble of three DMoEs modules each with different pairs of inputs and individual CNN models. The input pairs are spectrogram combinations of binaural audio and mono audio as well as their pre-processed variations using harmonic-percussive source separation (HPSS) and nearest neighbor filters (NNFs). The classification result of the proposed system is 72.1% improving the baseline by around 12% (absolute) on the development data of DCASE 2018 challenge task 1A.",Machine Learning on Acoustic Data,2019,10.1109/ICMLA.2019.00151,T. Nguyen; A. Fuchs; F. Pernkopf
140,Predictive and Prescriptive Analytics for Performance Optimization: Framework and a Case Study on a Large-Scale Enterprise System,Prediction methods;Time-series;Support Vector Regression;Causal analysis;Optimization methods; Time series analysis;Optimization;System performance;Support vector machines;Machine learning;Data models;Indexes,"In any industrial or software system, predicting future values of measurable parameters well in advance is of utmost importance for avoiding disruptions. The historical data on system parameters measured at regular time intervals can be leveraged to address this long horizon prediction problem. However, complex interdependencies between the parameters and the need for avoiding false recommendations pose challenges in this prediction task. An equally challenging and useful exercise is to identify the 'important' parameters and optimize them in order to attain good system performance. This paper describes a generic framework, along with specific methods, for this data analytics problem and presents a case study on a large-scale enterprise system. The proposed method combines techniques from machine learning, causal analysis, time-series analysis and stochastic optimization to achieve accurate prediction (estimating future values of parameters) and reliable prescription (controlling independent parameters to optimize system performance). The approach is validated with data from a large-scale enterprise service bus consisting of about 30 parameters measured at 5 minute intervals over a period of 6 months.",Machine Learning Applications,2019,10.1109/ICMLA.2019.00152,I. John; R. Karumanchi; S. Bhatnagar
141,"Hydropower Optimization Using Split-Window, Meta-Heuristic and Genetic Algorithms",Hydropower;Hydrology;Split-window;Genetic algorithms;Simulated Annealing;Hill Climbing;Optimization;Meta-heuristics; Reservoirs;Optimization;Hydroelectric power generation;Rivers;Genetic algorithms;Planning,"In this paper, we try to find the most efficient optimization algorithm that can be used to resolve the hydropower optimization problem. We propose a novel optimization technique is called the Split-window method. The method is relatively simple and reduces the complexity of the optimization problem by split-ting the planning horizon (and datasets) into equal windows and assigning the same values to policies(actions) within each part. After splitting, a meta-heuristic technique is used to optimize the actions, and the dataset is split again until a split contains only one instance (timestep). The unique values to be optimized during each iteration is equal to the number of splits which makes it very fast and requires fewer computations. We also propose a novel initialization method based on ranking of price and assigning a higher value of production and hatch release for higher prices. We apply this initialization technique to most of the algorithms used in this paper. We compare the split-window technique with meta-heuristic methods such as hill climbing, simulated annealing, line search, and genetic algorithms by running simulations on the data collected from a real-world hydropower river system in southern Norway. In total, we benchmark the performance of seven different optimization algorithms for a large number of hydrological and price scenarios. The results show that the Split-window method is able to beat other techniques in terms of performance score, speed of convergence and core algorithmic complexity by a considerable margin.",Machine Learning Applications,2019,10.1109/ICMLA.2019.00153,J. Sharma; B. -V. Matheussen; S. Glimsdal; O. -C. Granmo
142,T-REC: Towards Accurate Bug Triage for Technical Groups,bug;triage;group;recommendation; Computer bugs;Software;Companies;Aggregates;Machine learning;Resource management;Java,"With ever-larger software development systems involving more people with different skills, it is necessary to think about the process of bug assignment to groups of developers and not just to a developer alone. This work aims to leverage Bug Triage Process by suggesting a list of specialized groups of developers, or Technical Groups (TG's), to be attributed to a new bug report, based on other bugs that are similar and have been resolved by these TG's in the past. In the dataset used in our experiments, the mean time to correctly assign bug reports to their proper TG is 14 days, and just by then, the bug fixing process starts. This is a critical problem for software development and management since issues tend to accumulate a high-resolution time, which compromises developer performance and deliveries. In order to enhance the Bug Triage Process, we propose T-REC, an auxiliary SW Project Management system that accurately and efficiently analyzes similar issues to provide personalized TG recommendation. T-REC is a method that ensemble Machine Learning (ML) and Information Retrieval (IR) algorithms to recommend a list of TG's to handle an issue. Our experiments show that T-REC recommendation reaches an overall Acc@1 of 50.9%, Acc@2 of 63.2%, Acc@5 of 76.1%, Acc@10 of 83.6%, and Acc@20 of 89.7%. To the best of our knowledge, our work is the first to associate multiple machine learning strategies (classifiers, attributes, and training history) on the prediction of specialized groups of developers. We validate our approach on a real-world dataset from a large company that comprises 9.5M mobile-related bug reports from January 2001 to January 2019.",Machine Learning Applications,2019,10.1109/ICMLA.2019.00154,C. A. De Lara Pahins; F. D'Morison; T. M. Rocha; L. M. Almeida; A. F. Batista; D. F. Souza
143,FlexAdapt: Flexible Cycle-Consistent Adversarial Domain Adaptation,unsupervised domain adaptation;partial domain adaptation;cycada;deep learning; Task analysis;Adaptation models;Neural networks;Computer architecture;Machine learning;Data models;Training,"Unsupervised domain adaptation is emerging as a powerful technique to improve the generalizability of deep learning models to new image domains without using any labeled data in the target domain. In the literature, solutions which perform cross-domain feature-matching (e.g., ADDA), pixel-matching (CycleGAN), and combination of the two (e.g., CyCADA) have been proposed for unsupervised domain adaptation. Many of these approaches make a strong assumption that the source and target label spaces are the same, however in the real-world, this assumption does not hold true. In this paper, we propose a novel solution, FlexAdapt, which extends the state-of-the-art unsupervised domain adaptation approach of CyCADA to scenarios where the label spaces in source and target domains are only partially overlapped. Our solution beats a number of state-of-the-art baseline approaches by as much as 29% in some scenarios, and represent a way forward for applying domain adaptation techniques in the real world.",Machine Learning Algorithms (II),2019,10.1109/ICMLA.2019.00155,A. Mathur; A. Isopoussu; F. Kawsar; N. B. Berthouze; N. D. Lane
144,Distill-to-Label: Weakly Supervised Instance Labeling Using Knowledge Distillation,"Multiple instance learning, knowledge distilla tion, attention mechanism, weak supervision, medical imaging; Predictive models;Training;Labeling;Biomedical imaging;Generators;Task analysis;Perturbation methods","Weakly supervised instance labeling using only image-level labels, in lieu of expensive fine-grained pixel annotations, is crucial in several applications including medical image analysis. In contrast to conventional instance segmentation in computer vision, the problems that we consider are characterized by a small number of training images and non-local patterns that lead to the diagnosis. In this paper, we explore the use of multiple instance learning (MIL) to design an instance label generator under this weakly supervised setting. Motivated by the observation that an MIL model can handle bags of varying sizes, we propose to repurpose an MIL model originally trained for bag-level classification to produce reliable predictions for single instances. To this end, we introduce a novel regularization strategy based on virtual adversarial training for improving MIL training, and subsequently develop a knowledge distillation technique for repurposing the trained MIL model. Using empirical studies on colon cancer and breast cancer detection from histopathological images, we show that the proposed approach produces high-quality instance-level prediction and significantly outperforms state-of-the MIL methods.",Machine Learning Algorithms (II),2019,10.1109/ICMLA.2019.00156,J. J. Thiagarajan; S. Kashyap; A. Karargyris
145,"Adapting Standard External Clustering Metrics for Repetitive, Noisy Observations",Clustering;noise;external metrics; Noise measurement;Clustering algorithms;Labeling;Standards;Mass spectroscopy;Data models,"Clustering for data analysis often makes use of external metrics to evaluate how closely clustering assignments match a gold standard. In order to use external clustering metrics, explicit noise points are usually removed or treated as a single cluster. This modification reduces the relevancy of external metrics as a predictor of performance on unlabeled data, where it is not possible to identify noise points. We propose a modification of standard external metrics to explicitly handle noise points in experimental data. We illustrate the effect of this explicit treatment of noise on clustering evaluation using several examples of common noisy clustering problems as well as a real data set from mass spectrometry. We demonstrate that (external) clustering metrics that explicitly treat noise are more robust than standard (external) clustering metrics in the presence of noise.",Machine Learning Algorithms (II),2019,10.1109/ICMLA.2019.00157,R. Smith; J. Rosen; D. Ventura
146,Prune and Replace NAS,Machine Learning;Neural Networks;Neural Architecture Search; Microprocessors;Search problems;Training;Kernel;Optimization;Memory management,"While recent Neural Architecture Search (NAS) algorithms are thousands of times faster than the pioneering works, it is often overlooked that they use fewer candidate operations, resulting in a significantly smaller search space. We present PR-DARTS, a NAS algorithm that discovers strong network configurations in a much larger search space and a single day. A small candidate operation pool is used, from which candidates are progressively pruned and replaced with better performing ones. Experiments on CIFAR-10 and CIFAR-100 achieve 2.51% and 15.53% test error, respectively, despite searching in a space where each cell has 150 times as many possible configurations than in the DARTS baseline. All of our code is available at https://github.com/cogsys-tuebingen/prdarts.",Machine Learning Algorithms (II),2019,10.1109/ICMLA.2019.00158,K. A. Laube; A. Zell
147,Fuzzy-Rough Cognitive Networks: Building Blocks and Their Contribution to Performance,pattern classification;fuzzy-rough sets;granular classifiers;fuzzy rough cognitive networks; Neurons;Fuzzy sets;Biological system modeling;Cognition;Network topology;Rough sets;Topology,"Pattern classification is a popular research field within the Machine Learning discipline. Black-box models have proven to be potent classifiers in this particular field. However, their inability to provide a transparent decision mechanism is often regarded as an undesirable feature. Fuzzy-Rough Cognitive Networks are granular classifiers that have proven competitive and effective in such tasks. In this paper, we examine the contribution of the FRCN's main building blocks, being the causal weight matrix and the activation values of the neurons, to the model's average performance. Noise injection is employed to this end. Our findings suggest that optimising the weight matrix might not be as beneficial to the model's performance as suggested in previous research. Furthermore, we found that a powerful activation of the neurons included in the model topology is crucial to performance, as expected. Further research should as such focus on finding more powerful ways to activate these neurons, rather than focus on optimising the causal weight matrix.",Machine Learning Algorithms (II),2019,10.1109/ICMLA.2019.00159,M. Vanloffelt; G. Napoles; K. Vanhoof
148,Performance Effectiveness of Multimedia Information Search Using the Epsilon-Greedy Algorithm,multimedia search;exploration;performance analysis;content indexing; Search problems;Greedy algorithms;Indexing;Space exploration;Semantics;Training,"In the search and retrieval of multimedia objects, it is impractical to either manually or automatically extract the contents for indexing since most of the multimedia contents are not machine extractable, while manual extraction tends to be highly laborious and time-consuming. However, by systematically capturing and analyzing the feedback patterns of human users, vital information concerning the multimedia contents can be harvested for effective indexing and subsequent search. By learning from the human judgment and mental evaluation of users, effective search indices can be gradually developed and built up, and subsequently be exploited to find the most relevant multimedia objects. To avoid hovering around a local maximum, we apply the -greedy method to systematically explore the search space. Through such methodic exploration, we show that the proposed approach is able to guarantee that the most relevant objects can always be discovered, even though initially it may have been overlooked or not regarded as relevant. The search behavior of the present approach is quantitatively analyzed, and closed-form expressions are obtained for the performance of two variants of the -greedy algorithm, namely EGSE-A and EGSE-B. Simulations and experiments on real data set have been performed which show good agreement with the theoretical findings. The present method is able to leverage exploration in an effective way to significantly raise the performance of multimedia information search, and enables the certain discovery of relevant objects which may be otherwise undiscoverable.",Machine Learning Algorithms (II),2019,10.1109/ICMLA.2019.00160,N. L. Kuang; C. H. C. Leung
149,"A Multi-label, Dual-Output Deep Neural Network for Automated Bug Triaging",machine learning;statistics;bug triaging;computer science;software engineering;multi label;deep neural network; Computer bugs;Organizations;Neurons;Machine learning;Robustness;Labeling;History,"Bug tracking enables the monitoring and resolution of issues and bugs within organizations. Bug triaging, or assigning bugs to the owner(s) who will resolve them, is a critical component of this process because there are many incorrect assignments that waste developer time and reduce bug resolution throughput. In this work, we explore the use of a novel two-output deep neural network architecture (Dual DNN) for triaging a bug to both an individual team and developer, simultaneously. Dual DNN leverages this simultaneous prediction by exploiting its own guess of the team classes to aid in developer assignment. A multi-label classification approach is used for each of the two outputs to learn from all interim owners, not just the last one who closed the bug. We make use of a heuristic combination of the interim owners (owner-importance-weighted labeling) which is converted into a probability mass function (pmf). We employ a two-stage learning scheme, whereby the team portion of the model is trained first and then held static to train the team-developer and bug-developer relationships. The scheme employed to encode the team-developer relationships is based on an organizational chart (org chart), which renders the model robust to organizational changes as it can adapt to role changes within an organization. There is an observed average lift (with respect to both team and developer assignment) of 13%-points in 11-fold incremental-learning cross-validation (IL-CV) accuracy for Dual DNN utilizing owner-weighted labels compared with the traditional multi-class classification approach. Furthermore, Dual DNN with owner-weighted labels achieves average 11-fold IL-CV accuracies of 76% (team assignment) and 55% (developer assignment), outperforming reference models by 14%- and 25%-points, respectively, on a proprietary dataset with 236,865 entries.",Machine Learning Algorithms (II),2019,10.1109/ICMLA.2019.00161,C. A. Choquette-Choo; D. Sheldon; J. Proppe; J. Alphonso-Gibbs; H. Gupta
150,Non-Linear Feature Selection for Prediction of Hospital Length of Stay,"data mining, length of stay, non-linear feature selection, artificial neural network, support vector machines, logistic regression, prediction, hospital management; Feature extraction;Surgery;Predictive models;Hospitals;Support vector machines;Data mining","Patient length of stay (LOS) is commonly used as an important factor for optimizing medical resource consumption, managing hospital expenses, and improving the quality of hospital services. An accurate prediction of LOS can lead to increased hospital efficiency. In this study, we identify the most significant features for predicting LOS of patients undergoing different surgical procedures. We incorporate a non-linear feature selection method based on artificial neural networks (ANNs) and develop a predictive model for accurate prediction of LOS using the selected features. The performance of the model on different patient categories indicates that the non-linear feature selection method can effectively reduce the number of features and improve the accuracy of the prediction.",Machine Learning on Healthcare and Medical Data,2019,10.1109/ICMLA.2019.00162,S. Kabir; L. Farrokhvar
151,Deep Ensemble Network for Quantification and Severity Assessment of Knee Osteoarthritis,"Osteoarthritis, Object Detection, Convolutional Neural Networks, Machine Learning, Deep Learning, Ensemble Method.; Feature extraction;X-ray imaging;Bayes methods;Optimization;Convolution;Osteoarthritis;Convolutional neural networks","The assessment of knee joint gap and severity of Osteoarthritis (OA) is subjective and often inaccurate. The main source of error is due to the judgement of human expert from low resolution images (i.e., X-ray images). To address the problem, we developed an ensemble of Deep Learning (DL) model to objectively score the severity of OA only from the radiometric images. The proposed method consists of two main modules. First, we developed a scale invariant and aspect ratio preserving automatic localization and characterization of the kneecap area. Second, we developed multiple instances of ""hyper parameter optimized"" DL models and fused them using ensemble classification to score the severity of OA. In this implementation, we used three convolutional neural networks to improve the bias-variance trade-off, and boost accuracy and generalization. We tested our modeling framework using a collection of 4,796 X-ray images from Osteoarthritis Initiative (OAI). Our results show a higher performance (~ 2-8%) when compared to the state-of-the-art methods. Finally, this machine learning-based methodology provides a pipeline in decision support system for assessing and quantifying the OA severity.",Machine Learning on Healthcare and Medical Data,2019,10.1109/ICMLA.2019.00163,M. Bany Muhammad; A. Moinuddin; M. T. M. Lee; Y. Zhang; V. Abedi; R. Zand; M. Yeasin
152,Optic-Net: A Novel Convolutional Neural Network for Diagnosis of Retinal Diseases from Optical Tomography Images,SD-OCT;Convolutional Neural Networks;Retinal Degeneration;Residual Neural Network;Deep Learning;Computer Vision; Retina;Convolution;Diseases;Diabetes;Computer architecture;Machine learning;Optical imaging,"Diagnosing different retinal diseases from Spectral Domain Optical Coherence Tomography (SD-OCT) images is a challenging task. Different automated approaches such as image processing, machine learning and deep learning algorithms have been used for early detection and diagnosis of retinal diseases. Unfortunately, these are prone to error and computational inefficiency, which requires further intervention from human experts. In this paper, we propose a novel convolution neural network architecture to successfully distinguish between different degeneration of retinal layers and their underlying causes. The proposed novel architecture outperforms other classification models while addressing the issue of gradient explosion. Our approach reaches near perfect accuracy of 99.8% and 100% for two separately available Retinal SD-OCT data-set respectively. Additionally, our architecture predicts retinal diseases in real time while outperforming human diagnosticians.",Machine Learning on Healthcare and Medical Data,2019,10.1109/ICMLA.2019.00165,S. A. Kamran; S. Saha; A. S. Sabbir; A. Tavakkoli
153,AudiDoS: Real-Time Denial-of-Service Adversarial Attacks on Deep Audio Models,"Speech recognition, Voice controllable system, Adversarial attack, Universal adversarial perturbation; Perturbation methods;Neural networks;Real-time systems;Task analysis;Minimization;Machine learning;Microphones","Deep learning has enabled personal and IoT devices to rethink microphones as a multi-purpose sensor for understanding conversation and the surrounding environment. This resulted in a proliferation of Voice Controllable Systems (VCS) around us. The increasing popularity of such systems is also prone to attracting miscreants, who often want to take advantage of the VCS without the knowledge of the user. Consequently, understanding the robustness of VCS, especially under adversarial attacks, has become an important research topic. Although there exists some previous work on audio adversarial attacks, their scopes are limited to embedding the attacks onto pre-recorded music clips, which when played through speakers cause VCS to misbehave. As an attack-audio needs to be played, the occurrence of this type of attacks can be suspected by a human listener. In this paper, we focus on audio-based Denial-of-Service (DoS) attack, which is unexplored in the literature. Contrary to previous work, we show that adversarial audio attacks in real-time and overthe-air are possible, while a user interacts with VCS. We show that the attacks are effective regardless of the user's command and interaction timings. In this paper, we present a first-of-itskind imperceptible and always-on universal audio perturbation technique that enables such DoS attack to be successful. We thoroughly evaluate the performance of the attacking scheme across (i) two learning tasks, (ii) two model architectures and (iii) three datasets. We demonstrate that the attack can introduce as high as 78% error rate in audio recognition tasks.",Anomaly Detection,2019,10.1109/ICMLA.2019.00167,T. Gong; A. Gil C. P. Ramos; S. Bhattacharya; A. Mathur; F. Kawsar
154,On the Impact of Object and Sub-Component Level Segmentation Strategies for Supervised Anomaly Detection within X-Ray Security Imagery,X-ray imagery;electronics item;superpixel;anomaly detection;CNN;classification; Image segmentation;X-ray imaging;Anomaly detection;Security;Task analysis;Shape;Consumer electronics,"X-ray security screening is in widespread use to maintain transportation security against a wide range of potential threat profiles. Of particular interest is the recent focus on the use of automated screening approaches, including the potential anomaly detection as a methodology for concealment detection within complex electronic items. Here we address this problem considering varying segmentation strategies to enable the use of both object level and sub-component level anomaly detection via the use of secondary convolutional neural network (CNN) architectures. Relative performance is evaluated over an extensive dataset of exemplar cluttered X-ray imagery, with a focus on consumer electronics items. We find that sub-component level segmentation produces marginally superior performance in the secondary anomaly detection via classification stage, with true positive of ~98% of anomalies, with a ~3% false positive.",Anomaly Detection,2019,10.1109/ICMLA.2019.00168,N. Bhowmik; Y. F. A. Gaus; S. Akçay; J. W. Barker; T. P. Breckon
155,A Deep Learning Approach to Distributed Anomaly Detection for Edge Computing,"Anomaly Detection, Machine Learning, Distributed System, Parallelism, Edge Devices; Anomaly detection;Kernel;Security;Ad hoc networks;Task analysis;Computational modeling;Machine learning","One of the multiplier effects of the boom in mobile technologies ranging from cell phones to computers and wearables like smart watches is that every public and private common spaces are now dotted with Wi-Fi hotspots. These hotspots provide the convenience of accessing the internet on-the-go for either play or work. Also, with the increased automation of our daily routines by our mobile devices via a multitude of applications, our vulnerability to cyber fraud or attacks becomes higher too. Hence, the need for heightened security that is capable of detecting anomalies on-the-fly. However, these edge devices connected to the local area network come with diverse capabilities with varying degrees of limitations in compute and energy resources. Therefore, running a process-based anomaly detector is not given a high priority in these devices because; a) the primary functions of the applications running on the devices is not security; therefore, the device allocates much of its resources into satisfying the primary duty of the applications. b) the volume and velocity of the data are high. Therefore, in this paper, we introduce a multi-node (nodes and devices are used interchangeably in the paper) ad-hoc network that uses a novel offloading scheme to bring an online anomaly detection capability on the kernel events to the nodes in the network. We test the framework in a Wi-Fi-based ad-hoc network made up of several devices, and the results confirm our hypothesis that the scheme can reduce latency and increase the throughput of the anomaly detector, thereby making online anomaly detection in the edge possible without sacrificing the accuracy of the deep recurrent neural network.",Anomaly Detection,2019,10.1109/ICMLA.2019.00169,O. M. Ezeme; Q. H. Mahmoud; A. Azim
156,Time Series Anomaly Detection from a Markov Chain Perspective,Time series analysis;Anomaly detection;Markov chain;Internet of Things; Markov processes;Time series analysis;Anomaly detection;Microsoft Windows;Training;Hidden Markov models;Random variables,"This paper introduces a new method for the pattern-wise anomaly detection problem, which aims to find segments whose behaviors are different from the rest of the segments in the time series (as opposed to finding a single data-point in classic anomaly detection problems). An important motivation for studying this problem is to find anomalies whose data-points are within the normal range but they create an unusual pattern. To this end, normal characteristics of the data are found by clustering the overlapping subsequences of the training dataset and analyzing their orders by Markov chains. The trained model is used to assess how well the testing dataset suits the baseline behavior. The designed anomaly detection framework is capable of discovering unusual patterns in both streaming data (online) and stored data (offline). The performance of the methodology is evaluated by applying it to three datasets from different fields: a medical dataset (electrocardiogram), a utility usage dataset, and a New York City taxi demand dataset. The detected anomaly in the medical data agrees with the results of the studies in the literature. A domain expert confirmed the accuracy of the results for the utility usage data, and the anomalies of the New York City taxi demand data referred to major US holidays.",Anomaly Detection,2019,10.1109/ICMLA.2019.00170,I. Vasheghani Farahani; A. Chien; R. E. King; M. G. Kay; B. Klenz
157,An Encoder-Decoder Based Approach for Anomaly Detection with Application in Additive Manufacturing,"additive manufacturing, anomaly detection, fault detection; Anomaly detection;Machine learning;Data models;Three-dimensional printing;Decoding;Training","We present a novel unsupervised deep learning approach that utilizes an encoder-decoder architecture for detecting anomalies in sequential sensor data collected during industrial manufacturing. Our approach is designed to not only detect whether there exists an anomaly at a given time step, but also to predict what will happen next in the (sequential) process. We demonstrate our approach on a dataset collected from a real-world Additive Manufacturing (AM) testbed. The dataset contains infrared (IR) images collected under both normal conditions and synthetic anomalies. We show that our encoder-decoder model is able to identify the injected anomalies in a modern AM manufacturing process in an unsupervised fashion. In addition, our approach also gives hints about the temperature non-uniformity of the testbed during manufacturing, which was not previously known prior to the experiment.",Anomaly Detection,2019,10.1109/ICMLA.2019.00171,Y. Tan; B. Jin; A. Nettekoven; Y. Chen; Y. Yue; U. Topcu; A. Sangiovanni-Vincentelli
158,Evaluating Unsupervised Anomaly Detection Models to Detect Faults in Heavy Haul Railway Operations,"anomaly detection, fault detection, isolation forest, autoencoder, machine learning; Maintenance engineering;Fault detection;Anomaly detection;Machine learning;Sensors;Rail transportation;Data models","Tuning a fault detector to balance false positive and false negative rates is fundamental to optimize maintenance operations. Unbalanced detectors can either lead to a high demand rate on the maintenance team (biased to false positives) or let failures happen with no preventive action (biased to false negatives), causing stoppages and accidents. In the context of railway operations, the use of sensors and their maintenance history generates rich data sources that can be explored to detect, identify, predict and treat faults before a possible incident. Machine Learning has been applied to this fault management context, in which supervised and semi-supervised models are extensively used to discriminate faulty observations. Supervised and semi-supervised models are effective for wellknown cases, but they are limited in novel cases, since faults can happen in unpredictable ways. Thus, unsupervised models are an alternative approach to deal with this limitation. This paper aims to evaluate the metrics and effectiveness of two unsupervised anomaly detection models - Isolation Forest and Autoencoders - to detect faults on rail cars. These models were applied to real measurements obtained from thermal, acoustic and impact sensors installed in a heavy haul railway line in Brazil. The results were compared to maintenance rules that guide general decisions for field inspections from railway operators. As main outcomes, Autoencoders produced balanced results in different scenarios, showing that these models can autonomously detect faults with great robustness. Therefore, they can compose predictive methods, improving the efficiency of maintenance tasks and railway operations.",Anomaly Detection,2019,10.1109/ICMLA.2019.00172,D. F.N. Oliveira; L. F. Vismari; J. R. de Almeida; P. S. Cugnasca; J. B. Camargo; E. Marreto; D. R. Doimo; L. P. F. de Almeida; R. Gripp; M. M. Neves
159,Detection of False Data Injection Attacks in Cyber-Physical Systems using Dynamic Invariants,Cyber-Physical Systems;Anomaly Detection;False Data Injection Attacks;Bad Data Detection;State Estimation;Bayesian Filtering;Kalman Filter;Dynamic Invariant Network;Robust Estimation; Power system dynamics;State estimation;Meters;Jacobian matrices;Cyber-physical systems;Power measurement,"Modern cyber-physical systems are increasingly complex and vulnerable to attacks like false data injection aimed at destabilizing and confusing the systems. We develop and evaluate an attack-detection framework aimed at learning a dynamic invariant network, data-driven temporal causal relationships between components of cyber-physical systems. We evaluate the relative performance in attack detection of the proposed model relative to traditional anomaly detection approaches. In this paper, we introduce Granger Causality based Kalman Filter with Adaptive Robust Thresholding (G-KART) as a framework for anomaly detection based on data-driven functional relationships between components in cyber-physical systems. In particular, we select power systems as a critical infrastructure with complex cyber-physical systems whose protection is an essential facet of national security. The system presented is capable of learning with or without network topology the task of detection of false data injection attacks in power systems. Kalman filters are used to learn and update the dynamic state of each component in the power system and in-turn monitor the component for malicious activity. The ego network for each node in the invariant graph is treated as an ensemble model of Kalman filters, each of which captures a subset of the node's interactions with other parts of the network. We finally also introduce an alerting mechanism to surface alerts about compromised nodes.",Anomaly Detection,2019,10.1109/ICMLA.2019.00173,K. Nakayama; N. Muralidhar; C. Jin; R. Sharma
160,Semi-Supervised Discriminative Transfer Learning in Cross-Language Text Classification,Cross-language text classificaiton;semi supervised learning;subspace learning; Learning systems;Computer science;Data models;Correlation;Encyclopedias;Natural language processing;Adaptation models,"Cross-Language Text Classification (CLTC) has been increasing its attention to multilingual data due to its exponentially growing. CLTC aims to classify text documents in a label-scarce language, by leveraging classification information in a label-rich language. We propose a novel semi-supervised Discriminative Transfer Learning method (DTL) for the CLTC problem of a semi-supervised setting. A small number of paired labeled data in bilingual documents constructs a discriminative transfer model that maximizes the correlations of the documents in both languages, while a large number of unlabeled data are used for accurate data reconstruction. The discriminative transfer model minimizes the discrepancy between bilingual subspaces prioritizing discriminative features to improve the text classification performance without an automatic machine translation that most state-of-the-art methods require. The performance of DTL is empirically and statistically assessed by intensive experiments with the publicly available data, Reuters RCV1/RCV2 collections. The experimental results demonstrate that DTL outperforms several representative state-of-the-art methods in CLTC in terms of accuracy and efficiency.",Special Session: Predictive Models in Engineering Applications I,2019,10.1109/ICMLA.2019.00174,M. Kang; A. Biswas; D. -C. Kim; J. Gao
161,"Inducing Embeddings for Rare Words through Morphological Decomposition, Stemming and Bidirectional Translation",Semantics;Training;Compounds;Knowledge based systems;Vocabulary;Predictive models;Encyclopedias,"Words in a natural language corpus obey a Zipfian distribution, which means only a minority percentage of the total are frequent but the vast majority are rare. Word embedding techniques heavily rely on the frequencies of words in the corpus and cannot provide reliable representations for words appearing infrequently during training. To address this problem, we propose a novel algorithm to induce embeddings for rare words by leveraging morphological decomposition, stemming and bidirectional translation. Compared to existing approaches, our algorithm maintains a relatively lightweight model but generates qualified representations for a wider range of vocabulary from the same corpus. We have performed evaluations on multiple general domain datasets and specific domain datasets, and the experimental results show that our algorithm achieves better performance than the other state-of-the-art techniques.",Special Session: Predictive Models in Engineering Applications I,2019,10.1109/ICMLA.2019.00175,X. Li; S. You; W. Chen
162,A Study on Software Metric Selection for Software Fault Prediction,"feature selection, feature ranking, filters, wrappers, software measurements, software fault prediction; Feature extraction;Software metrics;Software;Logistics;Predictive models;Support vector machines","For most software systems, superfluous software metrics are often collected. Sometimes, metrics that are collected may be redundant or irrelevant to fault prediction results. Feature (software metric) selection helps separating relevant software metrics from irrelevant or redundant ones, thereby identifying the small set of software metrics that are best predictors of fault proneness for new components, modules, or releases. In this study, we compare three forms of feature selection techniques (filter-and wrapper-based subset evaluators along with two search techniques (Best First (BF) and Greedy Stepwise (GS)), and feature ranking on four datasets from a real world software project. Five learners are used to build fault prediction models with the selected software metrics. Each model is assessed using the Area Under the Receiver Operating Characteristic Curve (AUC). We find that wrapper-based subset evaluators performed best and feature ranking performed worst. In addition, the model built with the logistic regression (LR) learner performs best in terms of the AUC performance metric. This leads us to recommend the use of the wrapper-based subset evaluators to select software metric subsets and the LR learner for building software fault prediction models.",Special Session: Predictive Models in Engineering Applications I,2019,10.1109/ICMLA.2019.00176,H. Wang; T. M. Khoshgoftaar
163,Naive Bayes with Correlation Factor for Text Classification Problem,"Naive Bayes, correlation factor, text classification, insufficient training set; Training;Correlation;Training data;Optimization;Machine learning;Indexes","Naive Bayes estimator is widely used in text classification problems. However, it doesn't perform well with small-size training dataset. We propose a new method based on Naive Bayes estimator to solve this problem. A correlation factor is introduced to incorporate the correlation among different classes. Experimental results show that our estimator achieves a better accuracy compared with traditional Naive Bayes in real world data.",Special Session: Predictive Models in Engineering Applications I,2019,10.1109/ICMLA.2019.00177,J. Chen; Z. Dai; J. Duan; H. Matzinger; I. Popescu
164,Mining the Highway-Rail Grade Crossing Crash Data: A Text Mining Approach,"Railroad safety, Highway-rail grade crossing, Text mining, Similarity, Random Forest, Logistic Regression; Computer crashes;Vehicle crash testing;Text mining;Safety;Automobiles;Road transportation;Feature extraction","Railroad traffic safety is a major worldwide concern. Since 2000, there have been 48,083 crashes at highway-rail grade crossings in the US resulting in 6,103 fatalities, 18,851 injuries, and $302,065,336 cost of vehicle damages. Federal Railroad Administrator (FRA) seeks to improve safety and consolidate the grade crossing in risky areas. Towards the goal of better highway-rail cross safety, this paper aims to explore the reasons behind highway-rail crossing crashes by text mining within the narrative information in the crash data. The similarity of the extracted crash reasons between the 50 states and Washington DC in the USA is also calculated to create a comprehensive document for Departments of Transportation (DOTs) and railroad agencies. Important features are extracted from the FRA crash data along with two new features (geographical region and weight of narrative crash data) to classify the type of train-vehicle crashes into ""train struck car"" and ""car struck train"". The weight of narrative field was calculated using text mining techniques. Random Forest and Logistic Regression machine learning algorithms have been applied to build prediction models for the classification task. Experimental results indicate an overall accuracy of 0.86 and 0.74 for the proposed Random Forest and Logistic Regression models respectively.",Special Session: Predictive Models in Engineering Applications I,2019,10.1109/ICMLA.2019.00179,S. Soleimani; A. Mohammadi; J. Chen; M. Leitner
165,Exposition and Interpretation of the Topology of Neural Networks,deep learning;interpretability;topological data analysis; Data models;Lenses;Neural networks;Three-dimensional displays;Data analysis;Analytical models;Measurement,"Convolutional neural networks (CNN's) are powerful and widely used tools. However, their interpretability is far from ideal. One such shortcoming is the difficulty of deducing a network's ability to generalize to unseen data. We use topological data analysis to show that the information encoded in the weights of a CNN can be organized in terms of a topological data model and demonstrate how such information can be interpreted and utilized. We show that the weights of convolutional layers at depths from 1 through 13 learn simple global structures. We also demonstrate the change of the simple structures over the course of training. In particular, we define and analyze the spaces of spatial filters of convolutional layers and show the recurrence, among all networks, depths, and during training, of a simple circle consisting of rotating edges, as well as a less recurring unanticipated complex circle that combines lines, edges, and non-linear patterns. We also demonstrate that topological structure correlates with a network's ability to generalize to unseen data and that topological information can be used to improve a network's performance. We train over a thousand CNN's on MNIST, CIFAR-10, SVHN, and ImageNet.",Special Session: Topological Data Analysis in Machine Learning I,2019,10.1109/ICMLA.2019.00180,R. Brüel Gabrielsson; G. Carlsson
166,Path Homologies of Deep Feedforward Networks,Homology;Topology;Deep Learning;Neural Networks;Path Homology; Computer architecture;Task analysis;Network architecture;Training;Feedforward neural networks;Machine learning,"We provide a characterization of two types of directed homology for fully-connected, feedforward neural network architectures. These exact characterizations of the directed homology structure of a neural network architecture are the first of their kind. We show that the directed flag homology of deep networks reduces to computing the simplicial homology of the underlying undirected graph, which is explicitly given by Euler characteristic computations. We also show that the path homology of these networks is non-trivial in higher dimensions and depends on the number and size of the layers within the network. These results provide a foundation for investigating homological differences between neural network architectures and their realized structure as implied by their parameters.",Special Session: Topological Data Analysis in Machine Learning I,2019,10.1109/ICMLA.2019.00181,S. Chowdhury; T. Gebhart; S. Huntsman; M. Yutin
167,A Notion of Harmonic Clustering in Simplicial Complexes,"clustering, simplices, homology, topology, Laplacian; Laplace equations;Eigenvalues and eigenfunctions;Clustering algorithms;Harmonic analysis;Topology;Standards;Graph theory","We outline a novel clustering scheme for simplicial complexes that produces clusters of simplices in a way that is sensitive to the homology of the complex. The method is inspired by, and can be seen as a higher-dimensional version of, graph spectral clustering. The algorithm involves only sparse eigenproblems, and is therefore computationally efficient. We believe that it has broad application as a way to extract features from simplicial complexes that often arise in topological data analysis.",Special Session: Topological Data Analysis in Machine Learning I,2019,10.1109/ICMLA.2019.00182,S. Ebli; G. Spreemann
168,Multiscale Geometric Data Analysis via Laplacian Eigenvector Cascading,Cover Tree;Multi scale Graphs;Laplacian Eigenvectors;TDA mapper;Persistent Homology; Laplace equations;Eigenvalues and eigenfunctions;Poles and towers;Symmetric matrices;Measurement;Geometry,"We develop here an algorithmic framework for constructing consistent multiscale Laplacian eigenfunctions (vectors) on data. Consequently, we address the unsupervised machine learning task of finding scalar functions capturing consistent structure across scales in data, in a way that encodes intrinsic geometric and topological features. This is accomplished by two algorithms for eigenvector cascading. We show via examples that cascading accelerates the computation of graph Laplacian eigenvectors, and more importantly, that one obtains consistent bases of the associated eigenspaces across scales. Finally, we present an application to TDA mapper, showing that our multiscale Laplacian eigenvectors identify stable flair-like structures in mapper graphs of varying granularity.",Special Session: Topological Data Analysis in Machine Learning I,2019,10.1109/ICMLA.2019.00183,J. Mike; J. Perea
169,Mapper Based Classifier,mapper;topological data analysis;robustness;mnist;fmnist;classifier; Perturbation methods;Training;Robustness;Data analysis;Principal component analysis;Histograms;Machine learning,"Topological data analysis aims to extract topological quantities from data, which tend to focus on the broader global structure of the data rather than local information. The Mapper method, specifically, generalizes clustering methods to identify significant global mathematical structures, which are out of reach of many other approaches. We propose a classifier based on applying the Mapper algorithm to data projected onto a latent space. We obtain the latent space by using PCA or autoencoders. Notably, a classifier based on the Mapper method is immune to any gradient based attack, and improves robustness over traditional CNNs. We report theoretical justification and some numerical experiments that confirm our claims.",Special Session: Topological Data Analysis in Machine Learning I,2019,10.1109/ICMLA.2019.00184,J. Cyranka; A. Georges; D. Meyer
170,Hyperparameter Optimization of Topological Features for Machine Learning Applications,hyperparameter optimization;topological data analysis;persistence diagrams;machine learning; Three-dimensional displays;Optimization;Predictive models;Data models;Machine learning;Bayes methods;Transforms,"This paper describes a general pipeline for generating optimal vector representations of topological features of data for use with machine learning algorithms. This pipeline can be viewed as a costly black-box function defined over a complex configuration space, each point of which specifies both how features are generated and how predictive models are trained on those features. We propose using state-of-the-art Bayesian optimization algorithms to inform the choice of topological vectorization hyperparameters while simultaneously choosing learning model parameters. We demonstrate the need for and effectiveness of this pipeline using two difficult biological learning problems, and illustrate the nontrivial interactions between topological feature generation and learning model hyperparameters.",Special Session: Topological Data Analysis in Machine Learning I,2019,10.1109/ICMLA.2019.00185,F. Motta; C. Tralie; R. Bedini; F. Bini; G. Bini; H. Eramian; M. Gameiro; S. Haase; H. Haddox; J. Harer; N. Leiby; F. Marinozzi; S. Novotney; G. Rocklin; J. Singer; D. Strickland; M. Vaughn
171,Adaptive Template Systems: Data-Driven Feature Selection for Learning with Persistence Diagrams,"Topological Data Analysis, Persistent Homology, Machine Learning, Featurization; Three-dimensional displays;Feature extraction;Machine learning;Task analysis;Adaptive systems;Topology;Entropy","Feature extraction from persistence diagrams has received increasing attention in recent years, as a tool to enrich machine learning techniques. In this paper we explore an adaptive methodology to localize features in persistent diagrams, which are then used in learning tasks. Specifically, we investigate three algorithms, CDER, GMM and HDBSCAN, to obtain adaptive template functions/features. Said features are evaluated in three classification experiments with persistence diagrams. Namely, manifold, human shapes and protein classification. The main conclusion of our analysis is that adaptive template systems, as a feature extraction technique, yield competitive and often superior results in the studied examples. Moreover, from the adaptive algorithms here studied, CDER consistently provides the most reliable and robust adaptive featurization.",Special Session: Topological Data Analysis in Machine Learning I,2019,10.1109/ICMLA.2019.00186,L. Polanco; J. A. Perea
172,A Survey of Intrusion Detection Techniques,"Intrusion detection, cyber security, collaborative system, blockchain, machine learning, deep learning, decentralized network, algorithm, smart contracts, security; Intrusion detection;Machine learning;Machine learning algorithms;Contracts","With the growing rate of cyber attacks, there is a significant need for intrusion detection systems (IDS) in networked environments. As intrusion tactics become more sophisticated and more challenging to detect, this necessitates improved intrusion detection technology to retain user trust and preserve network security. Over the last decade, several detection methodologies have been designed to provide users with reliability, privacy, and information security. This paper reviews three intrusion detection techniques: blockchain technologies, machine learning, and deep learning. This survey overviews various machine learning and deep learning algorithms, summarizes blockchain technology, and discusses different blockchain methods used for intrusion detection and cybersecurity. We provide insight into their applications, drawbacks, and challenges.",Special Session: Machine and Deep Learning in Cybersecurity and Privacy Issues I,2019,10.1109/ICMLA.2019.00187,D. H. Lakshminarayana; J. Philips; N. Tabrizi
173,Web User Authentication Using Chosen Word Keystroke Dynamics,keystroke dynamics;user authentication;cybersecurity;CAPTCHA; Authentication;Presses;Training;Browsers;Password;Intellectual property,"Keystroke dynamics has been used as a form of one-time user authentication and continuous verification especially when it comes to securing the cyberspace. In this paper, we present the idea of using keystroke dynamics as a form of second layer authentication in web applications. We showed that this method can authenticate a user with high accuracy and can be used as an alternate to CAPTCHA tests, security questions and image selections that are being used today. We have developed a working web-based platform in a browser environment that enforces the proposed second-layer security. We performed penetration test experiments by launching a total of 598,500 impostor and genuine authentication attempts and found the Equal Error Rate (EER) as 10.5%.",Special Session: Machine and Deep Learning in Cybersecurity and Privacy Issues I,2019,10.1109/ICMLA.2019.00188,K. A. Rahman; D. Neupane; A. Zaiter; M. S. Hossain
174,Online EM Monitoring of 802.11n Networks using Self Adaptive Kernel Machine,"Classification, adaptive approach, identification of attacks, communication monitoring; Kernel;Monitoring;Support vector machines;Wireless fidelity;Jamming;IEEE 802.11n Standard;Protocols","In this work, we evaluated the performances of an adaptive and online clustering algorithm (Self-Adaptive Kernel Machine - SAKM) adjusted for the automatic and online recognition of attacks on wi-fi communication (802.11n protocol). The results presented here are part of a wider project dealing with wi-fi system monitoring. The radio waves are easy to listen. Due to the quick evolution in the available attacks, the use of learning algorithm cannot cover all configurations. Online clustering constructs evolving models without knowledge of the different cases to discriminate and is therefore well suited to this type of problematic. Based on SVM and kernel methods, the SAKM algorithm uses a fast adaptive learning procedure to take into account variations over time.",Special Session: Machine and Deep Learning in Cybersecurity and Privacy Issues I,2019,10.1109/ICMLA.2019.00189,J. Villain; A. Fleury; V. Deniau; C. Gransart; E. Simon
175,Anomaly Dataset Augmentation Using the Sequence Generative Models,SeqGAN;Seq2Seq;cyber dataset augmentation;ADFA-LD; Intrusion detection;Training;Machine learning algorithms;Generators;Generative adversarial networks;Gallium nitride;Decoding,"In cyberspace, anomalies including intentional attacks grow up in their size and diversity. Although using the Intrusion Detection System (IDS) as a solution is helpful to some degree, there is an unsolved problem; the low performance of IDS due to lack of enough attack data. Recent approaches to solving this problem use an unsupervised deep learning-based technique called Generative Adversarial Networks (GANs). Because GAN variants show great performance in image augmentation, some research tries to apply GANs to cyberspace by domain conversion from binary to image. However, the attribute of cyberspace benchmarks is different from that of images. In this paper, we propose using sequence-based generative models such as Sequence Generative Adversarial Nets (SeqGAN) and Sequence to Sequence (Seq2Seq) to augment the ADFA-LD dataset, a sequence call based benchmark. Experimental results show that the performance is better when training ADFA-LD with augmented data from SeqGAN and Seq2Seq than training only the original dataset.",Special Session: Machine and Deep Learning in Cybersecurity and Privacy Issues I,2019,10.1109/ICMLA.2019.00190,S. Shin; I. Lee; C. Choi
176,PcapGAN: Packet Capture File Generator by Style-Based Generative Adversarial Networks,"Cyber Data, Network Data, Generation, GAN, Encoder, Insturion Detection Algorithms; IP networks;Image edge detection;Generators;Protocols;Gallium nitride;Data models;Decoding","After the advent of GAN technology, many varied models have been studied and applied to various fields such as image and audio. However, in the field of cyber data, which has the same issue of data shortage, the research on data augmentation is insufficient. To solve this problem, we propose PcapGAN that can augment pcap data, a kind of network data. The proposed model includes an encoder, a data generator, and a decoder. The encoder subdivides network data into four parts. The generator generates new data for each part of the data. The decoder combines the generated data into realistic network data. We demonstrate the similarity between the generated data and original data, and validation of the generated data by increased performance of intrusion detection algorithms.",Special Session: Machine and Deep Learning in Cybersecurity and Privacy Issues I,2019,10.1109/ICMLA.2019.00191,B. Dowoo; Y. Jung; C. Choi
177,Exploring Adversaries to Defend Audio CAPTCHA,"captcha, security, machine learning, deep learning, adversarial examples attack, basic iterative method, DeepFool; CAPTCHAs;Machine learning;Noise measurement;Machine learning algorithms;Classification algorithms;Security;Distortion","CAPTCHA is a web-based authentication method used by websites to distinguish between humans (valid users) and bots (attackers). Audio captcha is an accessible captcha meant for the visually disabled section of users such as color-blind, blind, near-sighted users. Firstly, this paper analyzes how secure current audio captchas are from attacks using machine learning (ML) and deep learning (DL) models. Each audio captcha is made up of five, seven or ten random digits[0-9] spoken one after the other along with varying background noise throughout the length of the audio. If the ML or DL model is able to correctly identify all spoken digits and in the correct order of occurance in a single audio captcha, we consider that captcha to be broken and the attack to be successful. Throughout the paper, accuracy refers to the attack model's success at breaking audio captchas. The higher the attack accuracy, the more unsecure the audio captchas are. In our baseline experiments, we found that attack models could break audio captchas that had no background noise or medium background noise with any number of spoken digits with nearly 99% to 100% accuracy. Whereas, audio captchas with high background noise were relatively more secure with attack accuracy of 85%. Secondly, we propose that the concepts of adversarial examples algorithms can be used to create a new kind of audio captcha that is more resilient towards attacks. We found that even after retraining the models on the new adversarial audio data, the attack accuracy remained as low as 25% to 36% only. Lastly, we explore the benefits of creating adversarial audio captcha through different algorithms such as Basic Iterative Method (BIM) and deepFool. We found that as long as the attacker has less than 45% sample from each kinds of adversarial audio datasets, the defense will be successful at preventing attacks.",Special Session: Machine and Deep Learning in Cybersecurity and Privacy Issues I,2019,10.1109/ICMLA.2019.00192,H. Shekhar; M. Moh; T. -S. Moh
178,Towards the Integration of a Post-Hoc Interpretation Step into the Machine Learning Workflow for IoT Botnet Detection,Botnet detection;machine learning;interpretation; Feature extraction;Machine learning;Measurement;Botnet;Intrusion detection;Computer security,"The analysis of the interplay between the feature selection and the post-hoc local interpretation steps in a machine learning workflow followed for IoT botnet detection constitutes the research scope of the present paper. While the application of machine learning-based techniques has become a trend in cyber security, the main focus has been almost on detection accuracy. However, providing the relevant explanation for a detection decision is a vital requirement in a tiered incident handling processes of the contemporary security operations centers. Moreover, the design of intrusion detection systems in IoT networks has to take the limitations of the computational resources into consideration. Therefore, resource limitations in addition to human element of incident handling necessitate considering feature selection and interpretability at the same time in machine learning workflows. In this paper, first, we analyzed the selection of features and its implication on the data accuracy. Second, we investigated the impact of feature selection on the explanations generated at the post-hoc interpretation phase. We utilized a filter method, Fisher's Score and Local Interpretable Model-Agnostic Explanation (LIME) at feature selection and post-hoc interpretation phases, respectively. To evaluate the quality of explanations, we proposed a metric that reflects the need of the security analysts. It is demonstrated that the application of both steps for the particular case of IoT botnet detection may result in highly accurate and interpretable learning models induced by fewer features. Our metric enables us to evaluate the detection accuracy and interpretability in an integrated way.",Special Session: Machine and Deep Learning in Cybersecurity and Privacy Issues I,2019,10.1109/ICMLA.2019.00193,A. Guerra-Manzanares; S. Nõmm; H. Bahsi
179,Dimensionality Reduction for Low-Latency High-Throughput Fraud Detection on Datastreams,Stream Processing;PCA;Online Learning; Principal component analysis;Eigenvalues and eigenfunctions;Machine learning;Signal processing algorithms;Computational modeling;Covariance matrices;Throughput,"Given the exponential data growth and the recent focus on understanding high-dimensional ""in-motion"" data, fundamental machine learning tools, such as Principal Component Analysis (PCA), require computation-efficient streaming algorithms that operate near-real-time. Despite the different streaming PCA flavors, there is no algorithm that provably recovers the principal components in the same precision regime as the batch PCA algorithm does, while maintaining low-latency and high-throughput processing. This work, introduces a novel temporal accumulate / retract learning framework for streaming PCA. We consider the accumulate / retract framework implementation of several competitive PCA algorithms with proven theoretical advantages. We benchmark the improved PCA algorithms on real-world streams (i.e. bank transactions fraud detection) and prove their low-latency (millisecond level) and high-throughput (thousands events/second) processing guarantees.",Special Session: Predictive Models in Engineering Applications II,2019,10.1109/ICMLA.2019.00194,C. Axenie; R. Tudoran; S. Bortoli; M. Al Hajj Hassan; C. Salort Sanchez; G. Brasche
180,Software Fault Prediction Based on Fault Probability and Impact,"Fault-Proneness, Fault Severity, Risk, Risk Based Model, Object-Oriented Metrics, Machine Learning Algorithms, Prediction; Measurement;Object oriented modeling;Predictive models;Couplings;Software systems;Data models","Nowadays, software tests prioritization is a crucial task. Indeed, testing exhaustively the whole software system can be very difficult, heavily time and resources consuming. Using machine learning algorithms to predict which parts of a software system are fault-prone can help testers to focus on high-risk parts of the code and improve resources allocation. This paper aims to investigate the potential of a risk-based model to predict fault-prone classes. The risk of classes is evaluated based on two factors: the probability that a class is fault-prone and its impact on the rest of the system. We used object-oriented metrics to capture the two risk factors. The risk of a class is modeled using the Euclidean distance. We built various variants of the risk-based model using a data-set from five versions of the ANT system. We used different machine learning algorithms (Naive Bayes, J48, Random Forest, Support Vector Machines, Multilayer Perceptron and Logistic Regression) to construct various models for fault and level of severity prediction. The objective was to distinguish between classes containing trivial and high severity faults. The considered model achieves good results for binary fault prediction. In addition, the overall multi-classification of severity levels is more than acceptable.",Special Session: Predictive Models in Engineering Applications II,2019,10.1109/ICMLA.2019.00195,S. Moudache; M. Badri
181,How can Automated Machine Learning Help Business Data Science Teams?,"automated machine learning, augmented analytics, decision making, decision support, data science, industry, artificial intelligence, supervised learning; Tools;Machine learning;Complexity theory;Business;Data science;Data models","Artificial intelligence and machine learning have attracted the attention of many commercial and non-profit organizations aiming to leverage advanced analytics, in order to provide a better service to their customers, increase their revenues through creating new or improving their existing internal processes, and better exploit their data by discovering complex hidden patterns. Such advanced solutions require data scientists with rare (and generally expensive) skill sets. Moreover, such solutions are often perceived as complex black boxes to decision-makers. Automated machine learning tools aim to reduce the expertise gap between the technical teams and stakeholders involved in business data science projects, by reducing the amount of time and specialized skills required to generate predictive models. We systematically benchmarked five automated machine learning tools against seven supervised learning problems of a business nature. Our results suggest that such tools, in fully automated mode, must be used cautiously, only where predictive models support low-impact decisions and do not need to be explainable, and only by data scientists capable to ensure that all phases of the data mining process have been performed adequately.",Special Session: Predictive Models in Engineering Applications II,2019,10.1109/ICMLA.2019.00196,A. Ebadi; Y. Gauthier; S. Tremblay; P. Paul
182,Ranking Clusters of Postal Codes to Improve Recruitment in the Canadian Armed Forces,clustering;ranking;recruitment;military; Recruitment;Sociology;Machine learning;Principal component analysis;Feature extraction;Elbow,"Tailored military recruitment, a strategy that focuses on a subset of population with the highest recruiting potential that corresponds to the specific profile for a military occupation, is being considered by the Canadian Armed Forces. This paper applies unsupervised machine learning to group postal codes into clusters, then rank them using historical application data. The ranking considers both successful and unsuccessful applicants, making it adaptable to specific campaign requirements. Using multiple machine learning methods and combining the resulting scores, a refined set of ranked postal codes is obtained for future recruitment campaigns.",Special Session: Predictive Models in Engineering Applications II,2019,10.1109/ICMLA.2019.00197,R. Ueno; R. M. Bryce; D. Calitoiu
183,Urban Street Contexts Classification Using Convolutional Neural Networks and Streets Imagery,Computer Vision;Applications;Urban Computing;Big Data;Data from the wild;IoT; Urban areas;Roads;Manuals;Computational modeling;Automobiles;Satellites,"The classification of streets on road networks has been focused on the vehicular transportational features of streets. Examples of street labels include arterials, major roads, minor roads and so forth based on their transportational use. City authorities on the other hand have been shifting to more wholistic planning of streets. The modern approach towards designing and planning streets is more inclusive of the street context, meaning the side use of a street combined with the transportational features of a street. Several city authorities are developing new classification schemes for street context that extends traditional classification methods to include the use of land on the sides of a street. In those classification schemes, streets are labeled for example as commercial throughway, residential neighborhood, park etc. This modern approach to urban planning have been adopted by major cities such as the city of San Francisco, the state of Florida and Pennsylvania among many others. Currently, the process of labeling streets according to their contexts is manual and hence is tedious and time consuming. It will require manual labor to regularly relabel streets as the city develops. In this paper, we propose an approach to deploy advancements in computer vision towards modern urban planning. We propose a framework for automatic classification of street contexts. Using labeled street imagery we train deep convolutional neural networks (CNN) to perform the classification of street context. We show that CNN models can perform well achieving accuracies in the 81% to 87% range. We test various CNN architectures and report on their performances.",Special Session: Predictive Models in Engineering Applications II,2019,10.1109/ICMLA.2019.00198,F. Alhasoun; M. González
184,Hyperparameters Search Methods for Machine Learning Linear Workflows,hyperparameters optimization;machine learning workflows;data preprocessing; Machine learning algorithms;Machine learning;Optimization;Benchmark testing;Software algorithms;Power transformers;Shape,"Hyperparameters optimization is one of the most important metalearning features that is used in AutoML systems. In this paper we use hyperparameters-space search algorithms to optimize the settings of supervised machine learning methods and workflows. We focus on changes in performance of hyperparameters optimization algorithms with the growing complexity of the hyperparameters-space, when using the data preprocessings adds more parameters to the configuration and thus more dimensions to the searched space.",Special Session: Predictive Models in Engineering Applications II,2019,10.1109/ICMLA.2019.00199,K. Peškova; R. Neruda
185,Chatter Diagnosis in Milling Using Supervised Learning and Topological Features Vector,Milling;chatter detection;topological data analysis;machine learning; Feature extraction;Milling;Mathematical model;Tools;Time series analysis;Cutting tools;Turning,"Chatter detection has become a prominent subject of interest due to its effect on cutting tool life, surface finish and spindle of machine tool. Most of the existing methods in chatter detection literature are based on signal processing and signal decomposition. In this study, we use topological features of data simulating cutting tool vibrations, combined with four supervised machine learning algorithms to diagnose chatter in the milling process. Persistence diagrams, a method of representing topological features, are not easily used in the context of machine learning, so they must be transformed into a form that is more amenable. Specifically, we will focus on two different methods for featurizing persistence diagrams, Carlsson coordinates and template functions. In this paper, we provide classification results for simulated data from various cutting configurations, including upmilling and downmilling, in addition to the same data with some added noise. Our results show that Carlsson Coordinates and Template Functions yield accuracies as high as 96% and 95%, respectively. We also provide evidence that these topological methods are noise robust descriptors for chatter detection.",Special Session: Topological Data Analysis in Machine Learning II,2019,10.1109/ICMLA.2019.00200,M. C. Yesilli; S. Tymochko; F. A. Khasawneh; E. Munch
186,Persistent Homology Machine Learning for Fingerprint Classification,fingerprint;minutiae;TDA;persistent homology; Databases;Three-dimensional displays;Measurement;NIST;Machine learning;Supervised learning;Transform coding,"The fingerprint classification problem is to sort fingerprints into predetermined groups, such as arch, loop, and whorl. It was asserted in the literature that minutiae points, which are commonly used for fingerprint matching, are not useful for classification. We show that, to the contrary, near state-of-the-art classification accuracy rates can be achieved when applying topological data analysis (TDA) to 3-dimensional point clouds of oriented minutiae points. We also apply TDA to fingerprint ink-roll images, which yields a lower accuracy rate but still shows promise; moreover, combining the two approaches outperforms each one individually. These methods use supervised learning applied to persistent homology and allow us to explore feature selection on barcodes, an important topic at the interface between TDA and machine learning. We test our classification algorithms on the NIST fingerprint database SD-27.",Special Session: Topological Data Analysis in Machine Learning II,2019,10.1109/ICMLA.2019.00201,N. Giansiracusa; R. Giansiracusa; C. Moon
187,Adaptive Partitioning for Template Functions on Persistence Diagrams,Topological data analysis;machine learning; Machine learning;Interpolation;Three-dimensional displays;Tools;Data analysis;Kernel,"As the field of Topological Data Analysis continues to show success in theory and in applications, there has been increasing interest in using tools from this field with methods for machine learning. Using persistent homology, specifically persistence diagrams, as inputs to machine learning techniques requires some mathematical creativity. The space of persistence diagrams does not have the desirable properties for machine learning, thus methods such as kernel methods and vectorization methods have been developed. One such featurization of persistence diagrams by Perea, Munch and Khasawneh uses continuous, compactly supported functions, referred to as ""template functions,"" which results in a stable vector representation of the persistence diagram. In this paper, we provide a method of adaptively partitioning persistence diagrams to improve these featurizations based on localized information in the diagrams. Additionally, we provide a framework to adaptively select parameters required for the template functions in order to best utilize the partitioning method. We present results for application to example data sets comparing classification results between template function featurizations with and without partitioning, in addition to other methods from the literature.",Special Session: Topological Data Analysis in Machine Learning II,2019,10.1109/ICMLA.2019.00202,S. Tymochko; E. Munch; F. A. Khasawneh
188,Classification of Single-Lead Electrocardiograms: TDA Informed Machine Learning,"Topological data analysis, time series classification, machine learning; Electrocardiography;Time series analysis;Feature extraction;Three-dimensional displays;Microsoft Windows;Heart beat;Data analysis","Atrial Fibrillation is a heart condition characterized by erratic heart rhythms caused by chaotic propagation of electrical impulses in the atria, leading to numerous health complications. State-of-the-art models employ complex algorithms that extract expert informed features to improve diagnosis. In this note, we demonstrate how topological features can be used to help accurately classify single lead electrocardiograms. Via delay embeddings, we map electrocardiograms onto high-dimensional point-clouds that convert periodic signals to algebraically computable topological signatures. We derive features from persistent signatures, input them to a simple machine learning algorithm, and benchmark its performance against winning entries in the 2017 Physionet Computing in Cardiology Challenge.",Special Session: Topological Data Analysis in Machine Learning II,2019,10.1109/ICMLA.2019.00204,P. S. Ignacio; C. Dunstan; E. Escobar; L. Trujillo; D. Uminsky
189,Bayesian Topological Learning for Brain State Classification,"Bayesian classification, EEG signals, intensity, marked Poisson point processes, persistent homology, topological data analysis; Bayes methods;Electroencephalography;Brain modeling;Noise measurement;Computational modeling;Uncertainty;Tools","Investigation of human brain states through electroencephalograph (EEG) signals is a crucial step in human-machine communications. However, classifying and analyzing EEG signals are challenging due to their noisy, nonlinear and nonstationary nature. Current methodologies for analyzing these signals often fall short because they have several regularity assumptions baked in. This work provides an effective, flexible and noise-resilient scheme to analyze EEG by extracting pertinent information while abiding by the 3N (noisy, nonlinear and nonstationary) nature of data. We implement a topological tool, namely persistent homology, that tracks the evolution of topological features over time intervals and incorporates individual's expectations as prior knowledge by means of a Bayesian framework to compute posterior distributions. Relying on these posterior distributions, we apply Bayes factor classification to noisy EEG measurements. The performance of this Bayesian classification scheme is then compared with other existing methods for EEG signals.",Special Session: Topological Data Analysis in Machine Learning II,2019,10.1109/ICMLA.2019.00205,F. Nasrin; C. Oballe; D. Boothe; V. Maroulas
190,An Intrusion Detection System for Multi-class Classification Based on Deep Neural Networks,Cybersecurity;Intrusion Detection System;Deep Neural Networks;CICIDS2017;Flow Feature-Based;Multi Class Classification; Feature extraction;Intrusion detection;Machine learning;Neural networks;Anomaly detection;IP networks,"Intrusion Detection Systems (IDSs) are considered as one of the fundamental elements in the network security of an organisation since they form the first line of defence against cyber threats, and they are responsible to detect effectively a potential intrusion in the network. Many IDS implementations use flow-based network traffic analysis to detect potential threats. Network security research is an ever-evolving field and IDSs in particular have been the focus of recent years with many innovative methods proposed and developed. In this paper, we propose a deep learning model, more specifically a neural network consisting of multiple stacked Fully-Connected layers, in order to implement a flow-based anomaly detection IDS for multi-class classification. We used the updated CICIDS2017 dataset for training and evaluation purposes. The experimental outcome using MLP for intrusion detection system, showed that the proposed model can achieve promising results on multi-class classification with respect to accuracy, recall (detection rate), and false positive rate (false alarm rate) on this specific dataset.",Special Session: Machine and Deep Learning in Cybersecurity and Privacy Issues II,2019,10.1109/ICMLA.2019.00206,P. Toupas; D. Chamou; K. M. Giannoutakis; A. Drosou; D. Tzovaras
191,One-Class Classification to Continuously Authenticate Users Based on Keystroke Timing Dynamics,Keystroke dynamics;One class classification;Continuous Authentication;User authentication systems; Authentication;Timing;Feature extraction;Presses;Support vector machines;Computer science;Training,"Most current authentication mechanisms rely on static initial verification of the user; however, such authentication mechanisms do not verify user identities on already unlocked systems. Spy Hunter, a continuous authentication mechanism, constantly examines user's keystroke timing dynamics to assess the user's identity. Also, Spy Hunter preserves the privacy of the user by only utilizing the key press timings without storing information regarding which keys were pressed. Specifically, Spy Hunter implements two one-class classifiers, only utilizing genuine user samples for training the model, and mitigates adversarial inclusion of impostor data in the model. The data in this preliminary study consists of timing information from 20 users running Spy Hunter in the background while they used their systems. One-class classification was performed independently for all the users. Experimental results show that in less than 80 characters, Spy Hunter performed with as low as 2.05% False Acceptance Rate (FAR) and 2% False Rejection Rate (FRR).",Special Session: Machine and Deep Learning in Cybersecurity and Privacy Issues II,2019,10.1109/ICMLA.2019.00207,R. Manandhar; S. Wolf; M. Borowczak
192,Data Integrity of Industrial Controllers via Multi-resolution Hierarchical Time Series Clustering,cyber security;industrial control systems;unsupervised learning;deep learning; Clustering algorithms;Time series analysis;Robot sensing systems;Security;SCADA systems;Reliability;Vibrations,"Industrial controllers operate vital machinery and must always ensure reliability. This can be compromised during cyber-physical security breaches where the controller data fails to report the true machine status. In this paper, we develop a solution to estimate true machine status based on (uncompromised) external sensor data. This is a hard problem to solve as industrial machine behavior is dictated by multiple hidden underlying states with no direct physical interpretation. However, identification of these states will simplify monitoring of controller data, since the data could be expected to be more regular within a particular state. Accordingly, we solve two problems: We first propose a new multi-resolution, hierarchical clustering algorithm to identify the machine states. Our algorithm is an extension of the Toeplitz Inverse Covariance-based Clustering (TICC) introduced by Hallac et al., which we call Hierarchical TICC. It involves two new hyperparameters, but removes the need to specify the number of clusters in advance. Next we show that within a known state, data taken from sensors can be leveraged to produce an effective classifier of controller data. Tested on data from a controlled manufacturing testbed, we show that Hierarchical TICC, when applied to current and vibration sensor data, was able to recover almost the same clusters (97% in agreement) as TICC, but gives the flexibility of not having to provide the number of clusters in advance. Subsequent classification within a cluster is also capable of learning data reported by the controllers of those machines with accuracy generally above 90%.",Special Session: Machine and Deep Learning in Cybersecurity and Privacy Issues II,2019,10.1109/ICMLA.2019.00208,A. Walker; J. Acharya
193,Generation & Evaluation of Adversarial Examples for Malware Obfuscation,obfuscation;adversarial examples;malware;classification; Malware;Neural networks;Training;Machine learning;Perturbation methods;Heuristic algorithms;Semantics,"There has been an increased interest in the application of convolutional neural networks for image based malware classification, but the susceptibility of neural networks to adversarial examples allows malicious actors to evade classifiers. Adversarial examples are usually generated by adding small perturbations to the input that are unrecognizable to humans, but the same approach is not effective with malware. In general, these perturbations cause changes in the byte sequences that change the initial functionality or result in un-executable binaries. We present a generative model for executable adversarial malware examples using obfuscation that achieves a high misclassification rate, up to 100% and 98% in white-box and black-box settings respectively, and demonstrates transferability. We further evaluate the effectiveness of the proposed method by reporting insignificant change in the evasion rate of our adversarial examples against popular defense strategies.",Special Session: Machine and Deep Learning in Cybersecurity and Privacy Issues II,2019,10.1109/ICMLA.2019.00210,D. Park; H. Khan; B. Yener
194,Anomaly Detection using Supervised Learning and Multiple Statistical Methods,"Anomaly detection, Robust statistics, Time series, Internet of Things; Sensors;Anomaly detection;Silicon;Robustness;Statistical analysis;Neural networks;Data models","The presence of anomalies or outliers within time-series data can have a detrimental effect on the efficiency of automated decision-making applications. For example, in the context of vehicular traffic flow, various services reliant on traffic data may be negatively impacted by anomalies. This paper presents an automated anomaly detection method based on supervised Long-Short Term Memory (LSTM) neural network and statistical analysis. We train LSTM neural network to predict non-robust statistical properties and combine them with robust properties to determine the anomalies in time-series data. The proposed method relies on segmentation and tunable parameters for anomaly test. We measure the efficacy of our method in terms of Precision, Recall, and F-measure. The metrics approach to 100% for certain instances. We also analyzed the performance on the prevalence of anomalies and on varying specific parameters of the model.",Special Session: Machine and Deep Learning in Cybersecurity and Privacy Issues II,2019,10.1109/ICMLA.2019.00211,W. Jia; R. M. Shukla; S. Sengupta
195,An Unsupervised Framework for Anomaly Detection in a Water Treatment System,Anomaly Detection;Multivariate Time Series;CPS;Attention Mechanism; Time series analysis;Correlation;Anomaly detection;Logic gates;Two dimensional displays;Neural networks;Decoding,"Current Cyber-Physical Systems (CPSs) are sophisticated, complex, and equipped with networked sensors and actuators. As such, they have become further exposed to cyber-attacks. Recent catastrophic events have demonstrated that standard, human-based management of anomaly detection in complex systems is not efficient enough and have underlined the significance of automated detection, intelligent and rapid response. Nevertheless, existing anomaly detection frameworks usually are not capable of dealing with the dynamic and complicated nature of the CPSs. In this study, we introduce an unsupervised framework for anomaly detection based on an Attention-based Spatio-Temporal Autoencoder. In particular, we first construct statistical correlation matrices to characterize the system status across different time steps. Next, a 2D convolutional encoder is employed to encode the patterns of the correlation matrices, whereas an Attention-based Convolutional LSTM Encoder-Decoder (ConvLSTM-ED) is used to capture the temporal dependencies. More precisely, we introduce an input attention mechanism to adaptively select the most significant input features at each time step. Finally, the 2D convolutional decoder reconstructs the correlation matrices. The differences between the reconstructed correlation matrices and the original ones are used as indicators of anomalies. Extensive experimental analysis on data collected from all six stages of Secure Water Treatment (SWaT) testbed, a scaled-down version of a real-world industrial water treatment plant, demonstrates that the proposed model outperforms the state-of-the-art baseline techniques.",Special Session: Machine and Deep Learning in Cybersecurity and Privacy Issues II,2019,10.1109/ICMLA.2019.00212,M. Macas; C. Wu
196,Deep Learning Versus Conventional Learning in Data Streams with Concept Drifts,Deep Learning;Meta Learning;Convolutional Neural Networks;Pattern and Anomaly Detection;No Free Lunch Theorem; Machine learning;Data models;Market research;Machine learning algorithms;Convolutional neural networks;Sensors;Training,"In many real-world applications, the characteristics of data collected by activity logs, sensors and mobile devices change over time. This behavior is known as concept drift. In complex environments, which produce high dimensional data streams, machine learning tasks become cumbersome, as models become outdated very quickly. In our study, we assess hundreds of combinations of data characteristics and methods on network traffic data. Specifically, we focus on seven conventional machine learning and deep learning methods and compare their generalization power in the presence of concept drift. Our results show that Convolutional Neural Networks (CNNs) outperform conventional methods, even when compared to an idealized upper bound on their performance created in a piecewise manner by selecting the best method and its best configuration at each point in time, thus mimicking the output of a perfect meta-learning architecture. In the context of sequential data subject to concept drift, our results appear to defy the usually accepted ”No Free Lunch Theorem (NFL)”, which stipulates that no method dominates all the others in every situation. While this is by no means a rejection of the NFL Theorem, which captures a much more complex phenomenon, it is nonetheless a surprising result worth further investigations. As a matter of fact, our results show that, when data availability is limited, a meta-learning approach is preferable to CNNs, as it requires less data for training.",Special Session: Machine and Deep Learning in Cybersecurity and Privacy Issues III,2019,10.1109/ICMLA.2019.00213,S. Ryan; R. Corizzo; I. Kiringa; N. Japkowicz
197,A Comparison Between Statistical and Symbolic Learning Approaches for Generative Policy Models,"Distributed Analytics, Information Science, Collaborative Environments, Symbolic Learning, Machine Learning, Generative Policy Model, Generated Policies; Machine learning;Task analysis;Collaboration;Measurement;Training;Intelligent systems","Generative Policy Models (GPMs) have been proposed as a method for future autonomous decision making in a distributed, collaborative environment. To learn a GPM, previous policy examples that contain policy features and the corresponding policy decisions are used. Recently, GPMs have been constructed using both symbolic and statistical learning algorithms. In either case, the goal of the learning process is to create a model across a wide range of contexts from which specific policies may be generated in a given context. Empirically, we expect each learning approach to provide certain advantages over the other. This paper assesses the relative performance of each learning approach in order to examine these advantages and disadvantages. Several carefully prepared data sets are used to train a variety of models across different learning algorithms, where models for each learning algorithm are trained with varying amounts of labelled examples. The performance of each model is evaluated across a variety of metrics which indicates the strength of each learning algorithm for the different scenarios presented and the amount of training data provided. Finally, future research directions are outlined to fully realise GPMs in a distributed, collaborative environment.",Special Session: Machine and Deep Learning in Cybersecurity and Privacy Issues III,2019,10.1109/ICMLA.2019.00214,G. White; D. Cunnington; M. Law; E. Bertino; G. De Mel; A. Russo
198,Active Learning to Improve Static Analysis,active learning;static analysis; Tools;Static analysis;Training;Prediction algorithms;Forestry;Security;Predictive models,"Static analysis tools are programs that run on source code prior to their compilation to binary executables and attempt to find flaws or defects in the code during the early stages of development. If left unresolved, these flaws could pose security risks. While numerous static analysis tools exist, there is no single tool that is optimal. Therefore, many static analysis tools are often used to analyze code. Further, some of the alerts generated by the static analysis tools are low-priority or false alarms. Machine learning algorithms have been developed to distinguish between true alerts and false alarms, however significant man hours need to be dedicated to labeling data sets for training. This study investigates the use of active learning to reduce the number of labeled alerts needed to adequately train a classifier. The numerical experiments demonstrate that a query by committee active learning algorithm can be utilized to significantly reduce the number of labeled alerts needed to achieve similar performance as a classifier trained on a data set of nearly 60,000 labeled alerts.",Special Session: Machine and Deep Learning in Cybersecurity and Privacy Issues III,2019,10.1109/ICMLA.2019.00215,M. Berman; S. Adams; T. Sherburne; C. Fleming; P. Beling
199,Machine Learning in Anomaly Detection: Example of Colluded Applications Attack in Android Devices,Attack detection;Android system monitoring;neural networks; Smart phones;Clocks;Handheld computers;Memory management;Anomaly detection;Data models,"The paper investigates the feasibility of using machine learning (ML) applications for an anomaly-based unknown attack detection by monitoring system parameters on resource-constrained Android mobile devices. It introduces colluded applications example as a use case of unknown sophisticated attacks, examines its formalization models and possible scenarios as well as develops the machine learning classifiers for its detection. We investigate multiple attack cases and record them to produce datasets characterizing a memory consumption and a CPU cores clock speed changes during the attacks that could be employed to design classifiers based on ML techniques. For the attack detection, a few ML classifiers are presented and examined. The classifiers employ various ML techniques and models, such as feed-forward neural network and long short-term memory. Model performance in detecting multiple attack scenarios are presented. Classification models compared against various criteria.",Special Session: Machine and Deep Learning in Cybersecurity and Privacy Issues III,2019,10.1109/ICMLA.2019.00216,I. Khokhlov; M. Perez; L. Reznik
200,CausalConvLSTM: Semi-Supervised Log Anomaly Detection Through Sequence Modeling,"Deep Learning, Machine Learning, Recurrent NN, Long Short-Term Memory, Gated Recurrent Units, Convolutional NN, Causal Convolution, Concept Drift; Anomaly detection;Feature extraction;Computational modeling;Convolution;Predictive models;Machine learning;Artificial neural networks","Computer systems utilize logging to record events of interest. These logs are a rich source of information, and can be analyzed to detect attacks, failures, and many other issues. Due to the automated generation of logs by computer processes, the volume and throughput of logs can be extremely large, limiting the effectiveness of manual analysis. Rule-based systems were introduced to automatically detect issues based on rules written by experts. However, these systems can only detect known issues for which related rules exist in the rule-set. On the other hand, anomaly detection (AD) approaches can detect unknown issues. This is achieved by looking for unusual behaviors significantly different from the norm. In this paper, we target the problem of semi-supervised log anomaly detection, where the only training data available are normal logs from a baseline period. We propose a novel hybrid model called ""CausalConvLSTM"" for modeling log sequences that takes advantage of Convolutional Neural Network's (CNN) ability to efficiently extract spatial features in a parallel fashion, and Long Short-Term Memory (LSTM) network's superior ability to capture sequential relationships. Another major challenge faced by anomaly detection systems is concept drift, which is the change in normal system behavior over time. We proposed and evaluated concrete strategies for retraining neural-network (NN) anomaly detection systems to adapt to concept drift.",Special Session: Machine and Deep Learning in Cybersecurity and Privacy Issues III,2019,10.1109/ICMLA.2019.00217,S. Yen; M. Moh; T. -S. Moh
201,Image Classification of Clogs in Direct Ink Write Additive Manufacturing,image classification;convolutional neural networks;direct ink write;clog detection; Training;Ink;Video sequences;Three-dimensional printing;Computational modeling;Predictive models;Computer architecture,"For our direct ink write (DIW) setup, hours of video are collected of fibrous ink that is printed from a translucent nozzle while parts are made. Due to sporadic misalignment of the fibers, clogs may arise that disrupt ink flow, resulting in a failed part. Without on-line monitoring, defective parts can only be identified by operators who witness clogs as or after they occur, requiring operators to continuously monitor the process to eliminate defects. In order to alleviate this, we aim to minimize the effect of clogging via automated process monitoring and rapid detection, thereby reducing labor costs, material loss, and proper identification of defective parts. In this paper, we propose applying a convolutional neural network (CNN) for single frame classification on images gathered from our DIW setup. We report a class average recall of 99.85% across clogged and unclogged classes, and average error of 1.64% when evaluated on new test video sequences, with a processing rate of 27.58 fps. Using class activation mapping, we can visualize image regions the CNN model identifies as salient for each class in performing its discriminative classification task.",Special Session: Machine Learning in Advanced Machine Vision,2019,10.1109/ICMLA.2019.00218,A. B. Chu; M. Murialdo; J. P. Lewicki; J. N. Rodriguez; M. K. Shiflett; B. Giera; A. D. Kaplan
202,Causal Discovery of Cyber Attack Phases,Causal-Discovery;Cybersecurity;Cyberattacks;Cyber-Kill-Chain;Hypothesis-Testing; Malware;Computer crime;Cyberattack;Command and control systems;Bayes methods,"Causal discovery algorithms are increasingly being used to discover valid, novel, and significant causal relationships from large amounts of observational data. Cyberattacks are hypothesized to evolve according to the Cyber Kill Chain® which consists of a causal model describing the phases of a cyberattack. This paper introduces causal discovery to cybersecurity research and provides evidence of the kill chain with an extensive empirical assessment of two databases of real cyberattacks.",Special Session: Deep Learning,2019,10.1109/ICMLA.2019.00219,W. G. Mueller; A. Memory; K. Bartrem
203,Exploiting Stereo Sound Channels to Boost Performance of Neural Network-Based Music Transcription,automatic music transcription (AMT);deep learning;pitch detection; Music;Hidden Markov models;Training;Australia;Spectrogram;Machine learning,"In recent years deep learning begins to show great potential for automatic music transcription that reproduces MIDI-like music composition information, such as note pitches and onset and offset times, from music recordings. In the literature without exception the two stereo sound channels coming with music recordings were averaged into a single channel to alleviate the computation overhead, which, from an entropy standpoint, definitely sacrifices information. In this paper we propose a method to properly combine the two sound channels for deep learning-based pitch detection. In particular, through modifying the loss function the network is forced to focus on the worse performing sound channel. This method achieves start-of-the-art frame-wise pitch detection performance on the MAPS dataset.",Special Session: Deep Learning,2019,10.1109/ICMLA.2019.00220,X. Wang; L. Liu; Q. Shi
204,An Auto Regressive Deep Learning Model for Sales Tax Forecasting from Multiple Short Time Series,Sales Tax Forecasting;Deep Learning;AutoRegresison;Multiple Short Time Series; Finance;Forecasting;Neurons;Predictive models;Data models;Time series analysis;Neural networks,"This study explores the application of deep learning to forecasting the state of Illinois sale tax receipts in ten categories: general merchandise, food, drinking and eating, apparel, furniture, building and hardware, automotive and filling stations, drugs and retail, agriculture and all others, and manufacturers. The state of Illinois has used traditional techniques of economic and tax receipt forecasting in order to project the amount of resources that it will have in order to finance its activities and debts. Such techniques are mostly linear and lack the ability to model more complex non-linear or long term dependencies. Recently, deep learning models have shown promising results in time series forecasting. In this study, we use two types of neural networks (a simple Multi-Layer Perceptron and a Long Short Term Memory network to forecast the state of Illinois sale tax receipts and compare the performance of both models against the more traditional autoregressive integrated moving Average model. Unfortunately, only limited tax receipt data is publicly made available by the state of Illinois which makes it particularly challenging to train a robust neural network model without overfitting. To address this data limitation, we propose to use a global model with an embedding layer for all ten tax categories. The empirical results show that the global Multi-Layer Perceptron model has the best performance in one step forecasting of Illinois sale tax receipts followed by the global Long Short Term memory model. On average, both neural network models outperformed the traditional Integraded Moving Average model.",Special Session: Deep Learning,2019,10.1109/ICMLA.2019.00221,E. Buxton; K. Kriz; M. Cremeens; K. Jay
205,Optimizing Deep Neural Network Architecture with Enhanced Genetic Algorithm,"Hyperparameter optimization, deep network architectures, convolution neural networks, genetic algorithm, importance sampling; Training;Genetic algorithms;Optimization;Sociology;Statistics;Genetics;Neural networks","Only weights and biases are learned by gradient descent-based training of Deep Neural Networks (DNN). The other parameters, i.e., hyperparameters have a huge influence on the quality of the model but finding optimal values for them is not a trivial solution. The hyperparameter space grows exponentially and they also display non-linearity and interactions. A network with twelve hyperparameters, each with five potential values can have about 250 million unique combinations of hyperparameter sequences. If training on each set takes 6 minutes, exhaustive training on all potential combinations of the hyperparameters to find the optimal values will take almost 3000 years. Expert knowledge or random selection are some alternate options, but they are not scalable or consistently reliable. Metaheuristics such as evolutionary algorithms are a great choice for solving combinatorial optimization problems like hyperparameter optimization. While other researchers have used evolutionary algorithms such as standard implementation of genetic algorithm (GA), we introduce additional nature-inspired enhancements to GA for better exploration of the hyperparameter solution space to optimize the DNN architecture. The training is complemented with Monte Carlo based variance reduction method called importance sampling. We demonstrate that these fine-tunings result in improvements in the network accuracy on MNIST and CIFAR-10 datasets that outperforms standard use of genetic algorithm.",Special Session: Deep Learning,2019,10.1109/ICMLA.2019.00222,A. Shrestha; A. Mahmood
206,Instance Segmentation of Newspaper Elements Using Mask R-CNN,"newspaper article segmentation, semantic segmentation, deep learning, mask R-CNN; Training;Layout;Image segmentation;Machine learning;Feature extraction;Training data;Shape","Newspaper digitization has gained wide interest around the world. Archives of digitized newspapers contain a wealth of information that spans decades. To extract this abundance of information, optical character recognition (OCR) techniques are used. However, as a first step, the newspaper pages should be logically deconstructed into articles to gain meaningful knowledge. This is difficult due to the complex layout of newspapers and the various styles, shapes, and languages of newspaper articles. Newspaper pages also contain other elements besides articles, such as advertisements that come in multiple shapes and forms, and top headers that contain information about the newspaper's issue and page. Therefore, it is important to detect these elements before information extraction begins. In this paper, we present a deep learning solution for the problem of newspaper page semantic segmentation of the main newspaper elements (articles, advertisements, and page headers). We employed the instance segmentation method mask R-CNN mask_rcnn to create a language-agnostic model that logically deconstructs a newspaper page raw image into its main elements based only on its visual features. We show the results of experiments that display the accuracy and robustness of our model.",Special Session: Deep Learning,2019,10.1109/ICMLA.2019.00223,A. Almutairi; M. Almashan
207,Robustness Evaluation of Deep Learning Models Based on Local Prediction Consistency,Robustness;deep learning;data bias;data shift;prediction cosistency; Robustness;Deep learning;Computational complexity;Handwriting recognition;Predictive models;Training;Neural networks,"It is important to estimate the performance gap of a given deep learning model on the target data set, since discrepancy or bias between source and target domains is a common and fundamental problem in the practice of machine learning techniques. Without any assumptions on data bias, such as label shift or covariate shift and without target data labels, we propose a robustness estimation method based on prediction consistency evaluation between source and target data in the neighborhood of the source samples. Considering outliers and whether the user provided model is fully trained, a variety of variant methods are also tried, including setting neighborhood threshold to average intra-class distance for each category and relative robustness. Furthermore, the time complexity of this method is O(nlogn), which is applicable for large datasets. Experiments on the handwritten digit recognition and Japanese handwriting recognition show that the proposed methods are effective.",Special Session: Deep Learning,2019,10.1109/ICMLA.2019.00224,Z. Shi; C. Zhong; Y. Yokota; W. Xia; J. Sun
208,A Fast and Light Weight Deep Convolution Neural Network Model for Cancer Disease Identification in Human Lung(s),Convolution Neural Networks;CT Scan;ELCAP;Single Nodule;Multi Nodule; Lung;Mathematical model;Convolution;Cancer;Computed tomography;Support vector machines;Machine learning algorithms,"In the proposed work, a convolution neural network (CNN) based model has been used to identify the cancer disease in human lung(s). Moreover, this approach identifies the single or multi-module in lungs by analyzing the Computer Tomography (CT) scan. For the purpose of the experiment, publicly available dataset named as Early Lung Cancer Action Program (ELCAP) has been used. Moreover, the performance of proposed CNN model has been compared with traditional machine learning approaches i.e. support vector machine, k-NN, Decision Tree, Random Forest, etc under various parameters i.e. accuracy, precision, recall, Cohen Kappa. The performance of proposed model is also compared with famous CNN models i.e. VGG16, Inception V3 in terms of accuracy, storage space and inference time. The experimental results show the efficacy of proposed algorithms over traditional machine learning and pre-trained models by achieving the accuracy of 99.5%",Special Session: Deep Learning,2019,10.1109/ICMLA.2019.00225,S. S. Sanagala; S. K. Gupta; V. K. Koppula; M. Agarwal
209,Inferring Convolutional Neural Networks' Accuracies from Their Architectural Characterizations,"Convolutional neural networks, network architecture, transfer domains, computer vision, high energy physics; Sociology;Statistics;Training;Task analysis;Kernel;Computer architecture;Analytical models","The challenge of choosing an appropriate convolutional neural network (CNN) architecture for specific applications and different data sets is still poorly understood in the literature. This is problematic, since CNNs have shown strong promise for analyzing scientific data from many domains including particle imaging detectors. In this paper, we proposed a systematic language that is useful for comparison between different CNN's architectures before training time. This helps us predict whether a network can perform better than a certain threshold accuracy before training up to 70% accuracy using simple machine learning models. Additionally, we found a coefficient of determination of 0.966 for an Ordinary Least Squares model in a regression task to predict accuracy of a large population of networks.",Special Session: Deep Learning,2019,10.1109/ICMLA.2019.00226,D. Hoang; J. Hamer; G. Perdue; S. Young; J. Miller; A. Ghosh
210,Deep Learning for Flood Forecasting and Monitoring in Urban Environments,deep learning;fuzzy logic;flood monitoring and forecasting;urban flooding; Floods;Forecasting;Fuzzy logic;Machine learning;Ocean temperature;Monitoring;Soil,"This paper describes the core computational mechanisms used by an urban flood forecasting and monitoring platform developed as part of a UK Newton Fund project in Malaysia. FLUD-FLood monitoring and forecasting platform for Urban Deployment - is a novel system aiming to deliver an effective and low cost urban flood forecasting solution, which is able to accurately forecast flood risk at street level, and deliver optimized recommendations to the relevant authorities as well as an early warning alerts to members of the public. This platform is based on a hybrid Deep Learning and Fuzzy Logic based architecture. As demonstrated by the experimental results and the analysis presented in this paper, this architecture enables the proposed system to account for factors that are not included in other modern flood forecasting systems, and simultaneously process high volumes of data originating from diverse data sources, in order to deliver accurate predictions concerning urban flood events.",Special Session: Deep Learning,2019,10.1109/ICMLA.2019.00227,C. Karyotis; T. Maniak; F. Doctor; R. Iqbal; V. Palade; R. Tang
211,Using Convolutional Neural Networks to Extract Keywords and Keyphrases: A Case Study for Foodborne Illnesses,keyword and keyphrase extraction;deep learning;convolutional neural network;foodborne illnesses;foodborne illness documents;natural language processing; Conferences;Machine learning,"Keywords and keyphrases are important for Natural Language Processing (NLP) applications such as document classification, information retrieval, and topic identification. They are also useful for capturing different classes of entities from content related to healthcare, biology, food science, and journalism fields. There are different approaches to extract keywords and keyphrases. Deep learning approaches have achieved high-performance results in terms of keywords and keyphrase extraction. However, among deep learning approaches, Convolutional Neural Network (CNN) potentials have not been fully explored as a technique for extracting keywords and keyphrases. In this work, we performed a comparative study using a benchmark dataset, the IEEE Xplore collection to test the CNN generalization ability in selecting keywords and keyphrases. In addition, we further collected a corpus in the field of foodborne illness outbreaks. We utilize this corpus to develop a CNN-based identification approach of keywords and keyphrases related to foodborne illnesses. Results were compared with several supervised (KEA, GuidedLDA) and unsupervised (LDA) machine learning algorithms. CNN outperformed these algorithms in selecting relevant keywords and keyphrases for foodborne illnesses. The findings of this study have also confirmed superiority of CNN-based algorithm for keyphrase extraction to other machine learning approaches.",Special Session: Deep Learning,2019,10.1109/ICMLA.2019.00228,J. Wang; F. Song; K. Walia; J. Farber; R. Dara
212,Collapse Resistant Deep Convolutional GAN for Multi-object Image Generation,Generative Adversarial Networks;Conditional Generation;Multi-class generation;Multi-object generation;Image Generation;Multi-class images;Multi-object Images;Minibatch Discrimination; Generators;Gallium nitride;Task analysis;Training;Generative adversarial networks;Visualization;Complexity theory,"This work introduces a novel system for the generation of images that contain multiple classes of objects. Recent work in Generative Adversarial Networks have produced high quality images, but many focus on generating images of a single object or set of objects. Our system addresses the task of image generation conditioned on a list of desired classes to be included in a single image. This enables our system to generate images with any given combination of objects, all composed into a visually realistic natural image. The system learns the interrelationships of all classes represented in a dataset, and can generate diverse samples including a set of these classes. It displays the ability to arrange these objects together, accounting for occlusions and inter-object spatial relations that characterize complex natural images. To accomplish this, we introduce a novel architecture based on Conditional Deep Convolutional GANs that is stabilized against collapse relative to both mode and condition. The system learns to rectify mode collapse during training, self-correcting to avoid suboptimal generation modes.",Special Session: Deep Learning,2019,10.1109/ICMLA.2019.00229,E. Bolluyt; C. Comaniciu
213,Radar Gesture Recognition System in Presence of Interference using Self-Attention Neural Network,"Human-Computer Interface, Gesture Recognition, mm-wave radar; Doppler effect;Sensors;Gesture recognition;Two dimensional displays;Chirp;Doppler radar","Gesture recognition provides an easy, convenient and intuitive way of remotely controlling several consumer electronics devices such as audio devices, television sets, projector or gaming consoles. In recent years, radar sensors have been shown to be effective sensing modality to sense and recognize fine-grained dynamic finger-gestures in watch or smartphone and thus offers an user-friendly human-computer interface in ultrashort range applications. However, hand-gesture recognition from a farther distance such as to control consumer devices like TV or projector pose challenge particularly arising due to interferences from multiple humans in the field of view. In this paper, we present a novel unguided spatio-Doppler attention mechanism to enable hand-gesture recognition in presence of multiple humans using a low power, compact 60-GHz FMCW radar operated in 500MHz ISM frequency band. The spatio-Doppler mechanism in 2D deep convolutional neural network with long short term memory (2D CNN-LSTM) makes use of the range-Doppler images and range-angle images. We experimentally present the classification accuracy of 94.75% of our proposed system on test dataset using eight gestures, namely wave, push forward, pull, left swipe, right swipe, clockwise rotate, anti-clockwise rotate, cross, in presence of interfering people, such as walking or arbitrary movements.",Special Session: Deep Learning,2019,10.1109/ICMLA.2019.00230,S. Hazra; A. Santra
214,Image Generation and Style Transfer Using Conditional Generative Adversarial Networks,"conditional GAN, image translation, style transfer; Gallium nitride;Generative adversarial networks;Generators;Image edge detection;Footwear;Metadata","Generative Adversarial Networks have been utilized as a general-purpose solution to image domain transfer problems because of their ability to learn almost any data distribution. However, in most cases, the network architecture is tailored towards a specific application, and there has not been much exploration on using GANs for applications involving mixed datasets. In this work, we have studied the generalizability of Conditional Generative Adversarial Networks by testing their performance on a combination of image datasets, using the same type of input-output mapping. We show that a significant consequence of using multiple datasets is that the model can transfer characteristics such as style and design from one dataset to another. In order to facilitate this, we have modified the conditional GAN model to handle multiple conditional inputs, taking both the input image map and a class label. The results of our experiments show that a conditional GAN can successfully generalize to different types of input and transfer features of one class to others.",Special Session: Deep Learning,2019,10.1109/ICMLA.2019.00231,S. Murali; M. R. Rajati; S. Suryadevara
215,Design of a Cost-Effective Deep Convolutional Neural Network–Based Scheme for Diagnosing Faults in Smart Grids,Deep learning;Smart grids;Fault diagnosis;Matching pursuit decomposition; Transmission line matrix methods;Feature extraction;Transmission line measurements;Meters;Smart grids;Clustering algorithms;Sparse matrices,"There has been a growing interest in using smart grids due to their capability in delivering automated and distributed energy level to the consumption units. However, in order to guarantee the safe and reliable delivery of the high-quality power from the generation units to the consumers, smart grids need to be equipped with diagnostic systems. This paper presents an efficient data-driven scheme for diagnosing faults in smart grids. In order to reduce the computational burden and monitor the state of the system with a lower number of smart meters, a method based on the affinity propagation clustering algorithm is suggested for the placement of meters, that makes use of the graph-based representation of the system. The collected voltage data measurements from the installed meters are then decomposed by matching pursuit decomposition in order to generate informative features. Extracted features are then used to train a convolutional neural network, and the constructed deep learning model is then tested using unseen samples of normal and faulty conditions. Simulation results based on the IEEE 39-Bus System demonstrate the effectiveness of the proposed data-driven fault diagnostic system.",Special Session: Deep Learning,2019,10.1109/ICMLA.2019.00232,H. Hassani; M. Farajzadeh-Zanjani; R. Razavi-Far; M. Saif; V. Palade
216,Using Machine Learning to Improve Surgical Outcomes,Medical-data-analysis;Neural-Networks;Machine-Learning;Sparse-and-Imbalanced;Resampling; Surgery;Machine learning;Big Data;Cancer;Databases;Data models;Multivariate regression,"Predicting the severity of patient's condition helps providing accurate clinical care. Mortality prediction is one of the challenges due to distinct characteristics of the patient's data. It is a challenging problem to evaluate the patient's data which is highly sparse, highly biased and imbalanced, and highly mixed. In this paper, we are focusing on processing large volumes of data using neural networks which can be further used for analysis to obtain useful insights, such as identifying the major features contributing to certain outcomes of events or classifying different objects based on the presences of certain attributes and their measurements.",Special Session: Machine Learning in Health,2019,10.1109/ICMLA.2019.00233,S. Bonthu; P. Rodrigues Armijo; T. Tanner; Q. Zhu
217,Improving Machine Learning Based Detection of Freezing of Gait Using Data Synthesis Methods,"ADASYN, freezing of gait, Parkinson's disease, wearable sensors; Support vector machines;Feature extraction;Sensitivity;Training;Acceleration;Data models;Task analysis","Freezing of gait (FoG) is a common type of motor impairment in Parkinson's disease (PD) associated with falls. Pharmacologic treatments have failed to prevent FoG, resulting in a need for the development of non-pharmaceutical interventions. This study aims to use the ADAptive SYNthetic (ADASYN) sampling algorithm to improve the automatic detection of FoG episodes in people with PD. Eighteen PD patients performed a series of daily walking tasks in a lab environment, with nine experiencing FoG. We trained and evaluated different classifiers using signals collected from wearable accelerometers placed on the patients' ankles. The low ratio of FoG labeled data compared with normal gait created an imbalanced dataset. The analysis of results revealed that the sensitivity of the SVM model to FoG could be improved from 91.9% to 96.5% by creating new synthesized FoG instances near the boundaries of two classes (normal gait and FoG). The SVM model can detect FoG events with an average sensitivity and specificity of 91.5% and 95.2% trained by the original dataset, and 95.8% and 95.0% trained by synthesized balanced dataset in patient-dependent models. Also, ADASYN slightly improved the average F-score of patient-dependent models from 90.6% to 91.2%, while reducing patient-independent model performance from 83.4% to 79.8%.",Special Session: Machine Learning in Health,2019,10.1109/ICMLA.2019.00234,N. Naghavi; S. Borhani; E. Wade
218,Understanding Early Childhood Obesity via Interpretation of Machine Learning Model Predictions,"pediatric obesity, obesity development pattern, machine learning, model interpretation, obesity associated factors; Obesity;Predictive models;Pediatrics;Machine learning;Data models;Training;Weight measurement","Obesity, as an independent risk factor for increased morbidity and mortality throughout the lifecycle, is a major health issue in the United States. Pediatric obesity is a strong risk factor for adult obesity, as it tends to be stable and tracks into adulthood. Therefore, prevention of childhood obesity is urgently required for reduction in obesity prevalence and obesity related comorbidities. In this paper, the general pediatric obesity development pattern and the onset time period of early childhood obesity was identified via analysis of approximately 11 million pediatric clinical encounters of 860,510 unique individuals. XGBoost model was developed to predict at age 2 years if individuals would develop obesity in early childhood. The model is generalized to both males and females, and achieved an AUC of 81% (± 0.1%). Obesity associated risk factors were further analyzed via interpretation of the XGBoost model predictions. Besides known predictive factors such as weight, height, race, and ethnicity, new factors such as body temperature and respiratory rate were also identified. As body temperature and respiratory rate are related to human metabolism, novel physiologic mechanisms that cause these associations might be discovered in future research. We decomposed model recall to different age ranges when obesity incidence occurred. The model recall for individuals with obesity incidence between 24-36 months was 97.63%, while recall for obesity incidence between 72-84 months was 48.96%, suggesting obesity is less predictable further in the future. Since obesity is largely affected by evolving factors such as life style, diet, and living environment, it is possible that obesity prevention may be achieved via changes in adjustable factors.",Special Session: Machine Learning in Health,2019,10.1109/ICMLA.2019.00235,X. Pang; C. B. Forrest; F. Lê-Scherban; A. J. Masino
219,Abnormal Gait Detection by Classifying Inertial Sensor Data using Transfer Learning,biomechanical abnormalities;accelerometer;gyroscope;transfer learning;Deep Convolutional Neural Network;Inception v3; Legged locomotion;Training;Hardware;Servers;Computational modeling;Wireless sensor networks;Wireless communication,"Gait analysis is a method used to assess the way we walk or run to highlight possible biomechanical abnormalities. In this paper, we aim at performing this analysis utilizing 4 wireless body adhering modules, each equipped with an accelerometer and gyroscope pair (MPU6050). The data transmitted from these modules are converted to images to facilitate further processing. The sensor data images are then used as an input for transfer learning to the Deep Convolutional Neural Network (CNN) model, Inception v3, wherein the last two layers of the model are trained. Information that flows through the network shapes the structure of the model utilizing the labeled training dataset. The network can differentiate/classify 4 walking styles, namely: 'Normal walk,' 'Hemiplegic gait,' 'Diplegic gait,' and 'Parkinsonian gait.' By identifying which biomechanical trait a person has, one can further assess the neurological disorder that he/she may be suffering from cost-effectively compared to the traditional rigid methods currently available.",Special Session: Machine Learning in Health,2019,10.1109/ICMLA.2019.00236,T. Pandit; H. Nahane; D. Lade; V. Rao
220,Clinical Knowledge Graph Embedding Representation Bridging the Gap between Electronic Health Records and Prediction Models,electronic health records;multi relational data;knowledge graphs;embedding representation;link prediction;clustering;classification; Task analysis;Protocols;Pregnancy;Training;Machine learning;Correlation;Measurement,"Learning knowledge embedding representation is an increasingly important technology. However, the choice of hyperparameters is seldom justified and usually relies on exhaustive search. Understanding the effect of hyperparameter combinations on embedding quality is crucial to avoid the inefficient process and enhance practicality of embedding representation along subsequent machine learning applications. This work focuses on translational embedding models for multi-relational categorized data in the clinical domain. We trained and evaluated models with different combinations of hyperparameters on two clinical datasets. We contrasted the results by comparing metric distributions and fitting a random forest regression model. Classifiers were trained to assess embedding representation quality. Finally, clustering was tested as a validation protocol. We observed consistent patterns of hyperparameter preference and identified those that achieved better results respectively. However, results show different patterns regarding link prediction, which is taken as strong evidence that traditional evaluation protocol used for open-domain data does not necessarily lead to the best embedding representation for categorized data.",Special Session: Machine Learning in Health,2019,10.1109/ICMLA.2019.00237,M. W. Heng Chung; J. Liu; H. Tissot
221,On Activity Identification Pipelines for a Low-Accuracy EEG Device,EEG;classification;Epoc+;Machine learning; Electroencephalography;Pipelines;Feature extraction;Time series analysis;Labeling;Brain modeling;Electromyography,"Analyzing EEG signals can help us make implications about the user's activities or even thoughts which can result in a myriad of applications. However, clinical EEG monitoring tools are expensive, often immobile and in need of professional supervision. Lately a couple of companies started the production of relatively cheap, easy-to-use, and mobile devices with significantly lower accuracy. In this paper we intend to investigate the usability of these devices in recognizing concrete activities e.g. winking, raising a hand etc. To this end, we provide a comprehensive analysis by applying several signal processing and machine learning methods to the time series recorded by the EMOTIV Epoc+. In addition to the usability analysis of these devices, we also propose a flexible and general pipeline for processing and classifying time series of EEG signals. We hope that this pipeline will make a contribution to researchers' work on this field.",Special Session: Machine Learning in Health,2019,10.1109/ICMLA.2019.00238,Á. Rudas; S. Laki
222,IoT Environmental Analyzer using Sensors and Machine Learning for Migraine Occurrence Prevention,data aquisition;data analysis;machine learning;internet of things;mobile applications;smart devices;smart homes; Sensors;Cloud computing;Humidity;Machine learning;Standards;Photonics;Databases,"Everyday migraines are affecting more than one billion people worldwide. This headache disorder is classified as the sixth most disabling disease in the world. Migraines are just one chronic illness affected by environmental triggers due to changes that occur inside the home. Migraines share this characteristic with sinus headaches and thus are often misdiagnosed. In this research work, an iOS-based environmental analyzer was designed, implemented and evaluated for migraine sufferers with the use of sensors. After the data collection and cleaning, five machine learning model were used to estimate prediction accuracy of migraines in terms of the environment. The data was evaluated against the models using K-Fold cross validation. The algorithm accuracy comparison showed that Linear Discriminant Analysis (LDA) produced highest accuracy for the testing data at a mean of 0.938. Preliminary results demonstrate the feasibility of using machine learning algorithms to perform the automated recognition of migraine trigger areas in the environment.",Special Session: Machine Learning in Health,2019,10.1109/ICMLA.2019.00239,R. J. Day; H. Salehi; M. Javadi
223,Feature Clustering Towards Gene Selection,"feature selection, clustering, genomics, entropy; Feature extraction;Entropy;Clustering algorithms;Computational complexity;Support vector machines;Machine learning;Diseases","Microarray datasets usually contain a small size of samples versus a large number of genes as features. Feature selection is used for selecting a subset of features that lead to better performance of the classifier. However, most feature selection algorithms suffer from high computational complexity when applied to microarray datasets. To tackle this problem, we incorporate feature clustering in the gene selection. Results in this paper show that reducing the size of datasets using our approach, significantly reduces the computational time of feature selection algorithms while maintaining or improving the prediction power of the classifier.",Special Session: Machine Learning in Health,2019,10.1109/ICMLA.2019.00240,H. Marvi-Khorasani; H. Usefi
224,Genetic Algorithms for Feature Selection in the Children and Adolescents Depression Context,"genetic algorithms, depression, children and adolescents, feature selection, machine learning; Genetic algorithms;Feature extraction;Support vector machines;Sociology;Statistics;Mental disorders;Machine learning","Depression is the leading cause of disability in the world and, according to the World Health Organization, is the leading cause of illness and disability in the adolescence. Previous research has found that half of all people who developed mental disorders had their first symptoms up to age 14. However, what are the most important characteristics to determinate whether or not someone has depression? Genetic algorithms have been used quite efficiently in the problem of feature selection from a dataset. Thus, the main objective of this work is to use genetic algorithms to search for the most relevant features to improve the performance of classifiers to assist in the diagnosis of depression in children and adolescents. The dataset used in this work contains information on 166 children and adolescents between 10 and 16 years of age, of whom 67 are males and 99 are females with different depressive symptoms. The genetic algorithm found, in its best result, a set of 55 features out of the 112 in the dataset. The feature referring to how one feels with her/his own appearance was the most used in the solutions returned by the genetic algorithms. The use of the dataset composed of the 55 features selected by the genetic algorithms improved the performance of the classifiers by 6 to 20 percentage points, reaching f-measure values between 90% and 96%, which is a very significant result in the depression diagnosis context.",Special Session: Machine Learning in Health,2019,10.1109/ICMLA.2019.00241,R. Santana; B. Santos; T. Lima; M. Teodoro; S. Pinto; L. Zárate; C. Nobre
225,Supervised Classification of EEG Signals with Score Threshold Regulation for Pseudo-Online Asynchronous Detection of Gait Intention,Brain-Computer Interface;Electroencephalography;Gait intention;Asynchronous detection;Wavelet transform;Hjorth parameters; Electroencephalography;Feature extraction;Data models;Legged locomotion;Training;Electromyography;Pressure sensors,"In neurorehabilitation systems, early detection of gait intention with a lower false-positive rate and higher sensitivity is a critical factor which dictates the successful operation of the exoskeleton or assistive system. Traditional supervised learning algorithms often fail to reach these goals due to the lack of ability to adapt to the diverse interaction between the external environment and the human user. A threshold regulation approach might be a simple yet significant addition to increasing the adaptability of the intention detection system. In this paper, the performance of a pseudo-online BCI system in asynchronous detection of human gait intention from movement-related Electroencephalography signals is investigated. Seven healthy individuals participated in the study who performed self-paced cycles of gait initiation and termination in multiple trials. A custom-made eight-channel EEG system was used to capture the movement-related neural signals while a pair of in-sole pressure sensors and an Electromyography (EMG) sensor were used for time locking the actual moments of movement onset and termination. A wavelet transform based method along with Hjorth parameters, was employed to extract informative features which were then used to train an SVM-RBF classifier with threshold regulation for asynchronous detection of gait intention. A high true positive rate, low false-positive rate, and very low latency were achieved by the proposed methodology. The results demonstrate the feasibility of the proposed framework in building a human-in-the-loop neurorehabilitation system.",Special Session: Machine Learning for Predictive Models in Engineering Applications,2019,10.1109/ICMLA.2019.00242,S. M. S. Hasan; M. R. Siddiquee; O. Bai
226,An Online Incremental Clustering Framework for Real-Time Stream Analytics,Data Stream Clustering;Online Clustering;Online Learning;Data Stream; Clustering algorithms;Real-time systems;Pattern clustering;Data analysis;Data acquisition,"With the evolution of data acquisition methods, our ability to collect real time data has increased. This requires the development of real-time analytics, using the most recent data to generate valuable insights. One example is customer profiling, where we want to identify groups of similar clients who were active recently, and improve the quality of the suggestions. Traditional clustering algorithms perform well on finite datasets, but their execution is often not compatible with real-time requirements, especially for rapid changing trends. In this context, we propose a novel approach for the definition of incremental clustering algorithms to work within real-time constraints, in an online fashion, while preserving accuracy. We show the general applicability of the framework by employing this method to three different clustering algorithms. We compare the experimental results between traditional and online approaches evaluating accuracy and computational cost. The results show that algorithms executed in our framework are comparable to their offline implementation in terms of accuracy and with a high gain in execution time, up to three orders of magnitude on average.",Special Session: Machine Learning for Predictive Models in Engineering Applications,2019,10.1109/ICMLA.2019.00243,C. Salort Sanchez; R. Tudoran; M. Al Hajj Hassan; S. Bortoli; G. Brasche; J. Baumbach; C. Axenie
227,Machine Learning of the Ultrasound Signal Travel Path Effect in Estimating the Residual Life of the US Army Vehicles,"Army vehicles sustainment, ultrasound, damage regression, machine learning; Ultrasonic imaging;Machine learning;Sensors;Receivers;Actuators;Feature extraction;Monitoring","In this work, neural networks based machine learning (ML) is proposed for continuously monitoring the residual life of structural parts in the US Army vehicles using ultrasound signals. From a carefully selected set of experiments, a 65 GB data set comprising of ultrasound signals were obtained. Several scales of wavelet decompositions were examined for these signals and the statistical content in a 11-scale wavelet decomposition were selected as the input features to the ML algorithms. Using the knowledge of the statistical outliers and an autoencoder algorithm, the spurious signals coming from the far away placed sensors were removed. Using a five-layer neural network based linear regression ML algorithm, the damage was estimated up to a 95.25% aggregated correlation over the entire range of the damage in various stages of progression even in the presence of variations in the incoming data samples with regards to the ultrasound excitation frequency and in the relative orientation of the ultrasound travel path with respect to the damage orientation. When the variation in the incoming data samples is reduced by controlling for either the ultrasound excitation frequency or the ultrasound travel path, the algorithm estimated the damage up to an aggregated correlation in the range of 99.71-99.86 Accounting for such variations is important because the ultrasound actuator-sensor systems cannot be expected to be deployed at precise locations relative to the damage location and orientation because such information may not be available while the damage is still nascent The ability to differentiate damage signals coming from different structural parts and learning the evolving damage from those signals will lead to increased sustainment of vehicles in the US Army operations.",Special Session: Machine Learning for Predictive Models in Engineering Applications,2019,10.1109/ICMLA.2019.00244,R. Valisetty
228,Predictive Models with Resampling: A Comparative Study of Machine Learning Algorithms and their Performances on Handling Imbalanced Datasets,class-imbalance;oversampling;undersampling;resampling;classification;predictive-models; Classification algorithms;Predictive models;Machine learning;Machine learning algorithms;Forestry;Testing;Training,"Class imbalance is a problem of crucial challenge in many real-world machine learning applications. Traditional machine learning algorithms are likely to produce good accuracy scores on such datasets due to an obvious bias towards the majority class. Thus, accuracy as a measure of performance for algorithms working on imbalanced data is not very clearly defined since the classifier has poor predictive accuracy over the minority class. While previous work has used several resampling techniques to aid in improving the predictive accuracy of the minority class, in this study, we explore and compare the effectiveness of the Synthetic Minority Oversampling and Random Oversampling techniques over multiple learning algorithms and resampling ratios for eight different performance measures against two datasets from diverse domains such as medicine and engineering. The results of this study show that the effectiveness of these resampling techniques is a multivariate function relative to both the learning algorithms and the resampling ratios, as well as the coherent characteristics of datasets. The choice of performance measures to evaluate models built using these resampling techniques also vary, thus giving us more relevant information useful for future research and applications.",Special Session: Machine Learning for Predictive Models in Engineering Applications,2019,10.1109/ICMLA.2019.00245,A. D. Chakravarthy; S. Bonthu; Z. Chen; Q. Zhu
229,Comparing the Modeling Powers of RNN and HMM,Recurrent Neural Networks;Hidden Markov Models; Hidden Markov models;Computational modeling;Biological system modeling;Recurrent neural networks;Covariance matrices;Probability density function;Gaussian distribution,"Recurrent Neural Networks (RNN) and Hidden Markov Models (HMM) are popular models for processing sequential data and have found many applications such as speech recognition, time series prediction or machine translation. Although both models have been extended in several ways (eg. Long Short Term Memory and Gated Recurrent Unit architectures, Variational RNN, partially observed Markov models...), their theoretical understanding remains partially open. In this context, our approach consists in classifying both models from an information geometry point of view. More precisely, both models can be used for modeling the distribution of a sequence of random observations from a set of latent variables; however, in RNN, the latent variable is deterministically deduced from the current observation and the previous latent variable, while, in HMM, the set of (random) latent variables is a Markov chain. In this paper, we first embed these two generative models into a generative unified model (GUM). We next consider the subclass of GUM models which yield a stationary Gaussian observations probability distribution function (pdf). Such pdf are characterized by their covariance sequence; we show that the GUM model can produce any stationary Gaussian distribution with geometrical covariance structure. We finally discuss about the modeling power of the HMM and RNN submodels, via their associated observations pdf: some observations pdf can be modeled by a RNN, but not by an HMM, and vice versa; some can be produced by both structures, up to a re-parameterization.",Special Session: Machine Learning for Predictive Models in Engineering Applications,2019,10.1109/ICMLA.2019.00246,A. Salaün; Y. Petetin; F. Desbouvries
230,Multi-objective Shipment Allocation using Extreme Nondominated Sorting Genetic Algorithm-III (E-NSGA-III),"E NSGA III, Hypervolume, Logistical problems, MOEA, Multi objective optimization, NSGA II, NSGA III, Shipment allocation; Resource management;Companies;Sorting;Optimization;Motorcycles;Genetic algorithms;Job shop scheduling","Dealing with logistical problems are common among companies where delivery of goods are involved. An item to be delivered is commonly known as a shipment and hence efficient shipment allocation is essential for such companies to maintain profits and company competitiveness. This work is concerned with shipment allocation of a large and worldwide delivery company, which has a distribution center in a country where this is still carried manually. Determination of an efficient shipment allocation becomes a multi-objective optimization. Three objectives are identified, these are minimizing number of vehicles used, maximizing vehicle utilization and maximizing operator's route familiarity. Three Multi-Objective Evolution Algorithms (MOEAs) are utilized in this work, these are the commonly known, Nondominated Sorting Genetic Algorithm-III (NSGA-II), Nondominated Sorting Genetic Algorithm-III (NSGA-III) and the recently developed Extreme Nondominated Sorting Genetic Algorithm-III (E-NSGA-III). Hypervolume is used as the metric to measure the quality of solutions. The results from MOEAs reveal superiority over the existing manual solutions.",Special Session: Machine Learning for Predictive Models in Engineering Applications,2019,10.1109/ICMLA.2019.00247,K. Lavangnananda; P. Wangsom
231,"A Deep Learning Approach to Modeling a Complex Multi-variate, Temporal Thermal Problem","forecast, time series, data augmentation, temperature, thermal, recurrent neural network, deep learning; Coolants;Oils;Engines;Predictive models;Training;Heat transfer;Temperature measurement","We propose an engine oil and coolant thermal forecasting technique based on recurrent neural networks trained with a recursive loop on time-dependent experimental vehicle test data. This loop allows the network to be trained with its predictions thereby greatly increasing thermal model predictive accuracy. Additionally, a sliding window data augmentation technique was applied due to the limited amount of data available. This technique greatly model prediction increased accuracy by augmenting the limited data available.",Special Session: Machine Learning for Predictive Models in Engineering Applications,2019,10.1109/ICMLA.2019.00248,F. Jehlik; A. Blazquez de Mingo
232,Predictive Analytics and Statistical Learning for Waterflooding Operations in Reservoir Simulations,"Data Driven Modeling, Predictive Analytics, Statistical Learning, Waterflooding, Reservoir Simulations; Reservoirs;Predictive models;Support vector machines;Artificial neural networks;Data models;Oils;Computational modeling","Recent improvements in technology and computational power have increased interest in the application of data driven modeling (DDM) in petroleum industry. Recovery process evaluation using numerical reservoir simulators are always time consuming and computational intensive with many assumptions and uncertainty involved and inefficient for fast decision making. Thus, DDM have been adopted as an alternative tool to predict production performance under waterflooding which is one of the most important techniques for improving oil recovery. A synthetic waterflooding dataset including production profile, operational parameters, reservoir properties and well locations is constructed using the numerical reservoir simulator. Exploratory data analysis provides several insights into the non-intuitive factors in building the reservoir model. K-means clustering analysis is performed to identify internal groupings among producers. Artificial neural network (ANN) and support vector regression (SVR) are used to decipher the nonlinear relationships between input attributes and waterflooding production. The trained models are subsequently used to predict cumulative oil and watercut on the unseen samples. Clustering analysis reveal that distance to the free water level has a dominant effect and the clustering assignment is controlled by the interplay among input attributes characterizing reservoir properties and relative well locations. Good agreements between predicted outputs from models and simulation targets present the satisfactory generalization performance and predictive capabilities of ANN and SVR methods. ANN model with one output provides the most accurate prediction result on the test data. SVR models provide similar but slightly worse forecast than ANN models. Proposed methodologies in this work can be utilized as a surrogate or complementary model to analyze and predict recovery process in other reservoirs fast and efficiently.",Special Session: Machine Learning for Predictive Models in Engineering Applications,2019,10.1109/ICMLA.2019.00249,X. Liao; M. Tyagi
233,ragamAI: A Network Based Recommender System to Arrange a Indian Classical Music Concert,"recommender system, music information retrieval, tone embeddings; Mathematical model;Music;Recommender systems;Machine learning;Feature extraction;Organizations;Machine learning algorithms","South Indian classical music (Carnatic music) is best consumed through live concerts. A carnatic recital requires meticulous planning accounting for several parameters like the performers' repertoire, composition variety, musical versatility, thematic structure, the recital's arrangement, etc. to ensure that the audience have a comprehensive listening experience. In this work, we present ragamAI a novel machine learning framework that utilizes the tonic nuances and musical structures in the carnatic music to generate a concert recital that melodically captures the entire range in an octave. Utilizing the underlying idea of playlist and session-based recommender models, the proposed model studies the mathematical structure present in past concerts and recommends relevant items for the playlist/concert. ragamAI ensembles recommendations given by multiple models to learn user idea and past preference of sequences in concerts to extract recommendations. Our experiments on a vast collection of concert show that our model performs 25%-50% better than baseline models. ragamAI's applications are two-fold. 1) it will assist musicians to customize their performance with the necessary variety required to sustain the interest of the audience for the entirety of the concert 2) it will generate carefully curated lists of south Indian classical music so that the listener can discover the wide range of melody that the musical system can offer.",Special Session: Machine Learning for Predictive Models in Engineering Applications,2019,10.1109/ICMLA.2019.00250,A. Bagavathi; S. Krishnan; S. Subrahmanyan; N. S. L.
234,A Hybrid Collaborative Filtering Model Using Customer Search Keyword Data for Product Recommendation,"Recommender System, Hybrid Collaborative Filtering, Doc2Vec, Search Keyword; History;Collaboration;Data models;Recommender systems;Business;Mathematical model","A recommender system is a system that recommends products or services that best meet the preferences of each customer using statistical or machine learning techniques. Collaborative Filtering (CF) has been used the most as an algorithm for implementing recommender systems. However, in most cases, it has only used purchase history or customer's ratings though there are numerous available data provided by customers. E-commerce customers frequently use a search function to find the products they are interested in among the vast array of products offered. Such search keywords data may be a very useful information source for modeling customer's preference. However, it is rarely used as a source of information for recommendation systems. In this paper, we propose a novel hybrid CF model based on Doc2Vec using search keywords and purchase history data of online shopping mall customers. To validate the applicability of the proposed model, we empirically tested its performance using a real-world online shopping mall data in Korea. As a result, we found that search keywords data might effectively represent the preference of customers, and contribute to the improvement of conventional CF.",Special Session: Machine Learning for Predictive Models in Engineering Applications,2019,10.1109/ICMLA.2019.00251,H. -R. Won; Y. Lee; J. -S. Shim; H. Ahn
235,An Automatic Extraction Tool for Ethnic Vietnamese Thai Dances Concepts,"Vietnamese Traditional Dance, machine learning, Ethnic Vietnamese Thai Dance; Feature extraction;Tools;Videos;Legged locomotion;Libraries;Classification algorithms;Ontologies","In recent year, preservation and promotion of the ICHs are one of the problems of interest. In this paper, we focus on modelling the traditional dance domain, particularly modelling traditional Vietnamese dances. To conserve significant characteristics of dances, we proposed an ontology to represent the significant movements features of Ethnic Vietnamese Thai Dances (EVTDs). Particularly, a detailed description of the movement schemas of EVTDs is presented in this paper. Additionally, we present how to build an automatic extraction tool to collect the fundamental movements data of EVTDs using machine learning. Finally, we represented explicitly how to store those extracted features from raw dance videos into prioritized Ontology-based proposed.",Special Session: Machine Learning for Predictive Models in Engineering Applications,2019,10.1109/ICMLA.2019.00252,T. -T. Ma; S. Benferhat; Z. Bouraoui; K. Tabia; T. -N. Do; N. -K. Pham
236,Sampling Real Algebraic Varieties for Topological Data Analysis,"topological data analysis, real algebraic varieties, dense samples, numerical algebraic geometry, minimal distance; Geometry;Data analysis;Heuristic algorithms;Minimization;Extraterrestrial measurements","Topological data analysis (TDA) provides tools for computing geometric and topological information about spaces from a finite sample of points. We present an adaptive algorithm for finding provably dense samples of points on real algebraic varieties given a set of defining polynomials for use as input to TDA. The algorithm utilizes methods from numerical algebraic geometry to give formal guarantees about the density of the sampling, and also employs geometric heuristics to reduce the size of the sample. As TDA methods consume significant computational resources that scale poorly in the number of sample points, our sampling minimization makes applying TDA methods more feasible. We provide a software package that implements the algorithm, and showcase it through several examples.",Special Session: Topological Data Analysis in Machine Learning,2019,10.1109/ICMLA.2019.00253,E. Dufresne; P. Edwards; H. Harrington; J. Hauenstein
237,Characterizing the Shape of Activation Space in Deep Neural Networks,Persistent Homology;Deep Learning;Neural Networks;Topology;Adversarial Examples; Biological neural networks;Semantics;Task analysis;Network topology;Topology;Neurons,"The representations learned by deep neural networks are difficult to interpret in part due to their large parameter space and the complexities introduced by their multi-layer structure. We introduce a method for computing persistent homology over the graphical activation structure of neural networks, which provides access to the task-relevant substructures activated throughout the network for a given input. This topological perspective provides unique insights into the distributed representations encoded by neural networks in terms of the shape of their activation structures. We demonstrate the value of this approach by showing an alternative explanation for the existence of adversarial examples. By studying the topology of network activations across multiple architectures and datasets, we find that adversarial perturbations do not add activations that target the semantic structure of the adversarial class as previously hypothesized. Rather, adversarial examples are explainable as alterations to the dominant activation structures induced by the original image, suggesting the class representations learned by deep networks are problematically sparse on the input space.",Special Session: Topological Data Analysis in Machine Learning,2019,10.1109/ICMLA.2019.00254,T. Gebhart; P. Schrater; A. Hylton
238,Time-Series Data Analysis for Classification of Noisy and Incomplete Internet-of-Things Datasets,"Topological Data Analysis, Time Series, Internet of Things, Persistent Homology; Time series analysis;Data analysis;Noise measurement;Data mining;Shape;Security;Tools","Detecting and classifying device types and their long term communication patterns and anomalies in massive, noisy and anonymized Internet-of-things (IoT) data sets is a challenging problem. Recent advances in computational approaches for Topological Data Analysis (TDA), including the technique of persistence homology, appear to offer tremendous possibles for understanding highly complex IoT data sets. This paper presents the results of our use of TDA to understand a data set captured over 9 months of hundreds of interacting IoT devices situated in multiple residential settings. The data set is noisy, incomplete and subject to multiple Pattern-of-Life (PoL) fluctuations. We treated the data set as a collection of multi-attribute time series and performed several types of IoT classification experiments. We compared our results to other single and multi-attribute techniques for time series analysis. The outcome was that, as compared to these other standard methods, TDA does particularly well for classifying incomplete, noisy and PoL dependent IoT data.",Special Session: Topological Data Analysis in Machine Learning,2019,10.1109/ICMLA.2019.00255,M. Postol; C. Diaz; R. Simon; D. Wicke
239,"A Topological ""Reading"" Lesson: Classification of MNIST using TDA","Topological data analysis, persistent homology, filtration, image analysis, classification, supervised learning; Gray-scale;Feature extraction;Three-dimensional displays;Machine learning;Pipelines;Filtration;Topology","We present a way to use Topological Data Analysis (TDA) for machine learning tasks on grayscale images. We apply persistent homology to generate a wide range of topological features using a point cloud obtained from an image, its natural grayscale filtration, and different filtrations defined on the binarized image. We show that this topological machine learning pipeline can be used as a highly relevant dimensionality reduction by applying it to the MNIST digits dataset. We conduct a feature selection and study their correlations while providing an intuitive interpretation of their importance, which is relevant in both machine learning and TDA. Finally, we show that we can classify digit images while reducing the size of the feature set by a factor 5 compared to the grayscale pixel value features and maintain similar accuracy.",Special Session: Topological Data Analysis in Machine Learning,2019,10.1109/ICMLA.2019.00256,A. Garin; G. Tauzin
240,Text Classification via Network Topology: A Case Study on the Holy Quran,Text classification;text networks;Quran mining;diffusion Fréchet function; Feature extraction;IEEE Sections;Heating systems;Machine learning;Windows;Network topology;Task analysis,"Due to the growth in the number of texts and documents available online, machine learning based text classification systems are getting more popular recently. Feature extraction, converting unstructured text into a structured feature space, is one of the essential tasks for text classification. In this paper, we propose a novel feature extraction approach for text classification using the network representation of text, network topology, and machine learning techniques. We present experimental results on classifying the Holy Quran chapters based on the place each chapter was revealed to illustrate the effectiveness of the approach.",Special Session: Topological Data Analysis in Machine Learning,2019,10.1109/ICMLA.2019.00257,M. E. Aktas; E. Akbas
241,Convolutional Classification of Pathogenicity in H5 Avian Influenza Strains,Avian Influenza;Pathogenicity Classification;Convolutional Neural Network;Deep Learning;Highly pathogenic;Low pathogenic; Strain;Bioinformatics;Genomics;Artificial intelligence;Kernel;Proteins;Influenza,"Epidemic Avian Influenza (AI) outbreaks pose a considerable threat to poultry and human health. Millions of birds died, or had to be euthanized, during numerous periodic highly pathogenic influenza outbreaks across the globe over the last two decades. This paper presents a study on pathogenicity classification of H5 AI protein sequences using convolutional neural network. We first collected pathogenicity identification labels of 2137 H5 AI sequences and classified pathogenicity of aligned protein sequences with 99.20% mean accuracy using 10-fold cross validation. We also identified the positions in genomic sequences which are supposed to play a role in pathogenicity classification of H5 strains. The positions learned by convolutional network correctly included positions of known pathogenicity markers present at cleavage site of protein sequences. And the network also identified a few other positions present outside of cleavage site which are supposed to play a role in pathogenicity classification of H5 strains.",Machine Learning in Health II,2019,10.1109/ICMLA.2019.00259,A. Chadha; R. Dara; Z. Poljak
242,An Effective CNN Approach for Diabetic Retinopathy Stage Classification with Dual Inputs and Selective Data Sampling,convolutional neural networks;image classification;deep learning; Lesions;Retina;Image resolution;Diabetes;Training;Feature extraction;Retinopathy,"Diabetic retinopathy (DR) is a vision-threatening complication among the diabetic population and a leading cause of blindness for working-age adults. Early detection and timely treatment can reduce the occurrence of blindness due to DR. Computer-aided diagnosis have great potential to significantly improve the accuracy and speed in DR detection over the traditional manual diagnosis process. In this paper, we present a deep convolutional neural network for DR stage classification, trained and evaluated on a large dataset. Our model uses high-resolution retinal fundus images of both the left and right eyes as inputs to take advantage of more detailed retinal lesion information in images and strong correlation between both eyes. Selective data sampling (SeS) is applied in the training process to mitigate the data imbalance problem. Experiments show that our model outperforms the fine-tuned Inception-v3 model by every measure, achieving an accuracy of 87.2% and a Kappa score of 0.806 on the Kaggle dataset.",Machine Learning in Health II,2019,10.1109/ICMLA.2019.00260,J. Ni; Q. Chen; C. Liu; H. Wang; Y. Cao; B. Liu
243,Scalable Deep Learning for Stress and Affect Detection on Resource-Constrained Devices,stress;affect detection;physiological signals;resource-constrained;on-device;scalable;time-series;deep learning; Stress;Machine learning;Biomedical monitoring;Computational modeling;Real-time systems;Electrocardiography;Monitoring,"Psychological stress in human beings has been on a meteoric rise over the last few years. Chronic stress can have fatal consequences such as heart disease, cancer, suicide and so on. It is thus imperative to detect stress early on to prevent health risks. In this work, we discuss efficient and accurate stress and affect detection using scalable Deep Learning methods, that can be used to monitor stress real-time on resource-constrained devices such as low-cost wearables. By making inferences on-device, we solve the issues of high latency and lack of privacy which are prevalent in cloud-based computation. Using the concept of Early Stopping - Multiple Instance Learning, we build specialized models for stress and affect detection for 3 popular datasets in the domain, that have very low inference times but high accuracy. We introduce a metric ηcomp to measure the computational savings from the use of these models. On average, our models show an absolute increase of 10% in overall accuracy over the benchmarks, computational savings of 95.39%, and an 18x reduction in inference times on a Raspberry Pi 3 Model B. This allows for efficient and accurate real-time monitoring of stress on low-cost resource-constrained devices.",Machine Learning in Health II,2019,10.1109/ICMLA.2019.00261,A. Ragav; N. H. Krishna; N. Narayanan; K. Thelly; V. Vijayaraghavan
244,Weakly Supervised Fine Tuning Approach for Brain Tumor Segmentation Problem,MRI;Brain;Oncology/tumor;Image segmentation;Supervised learning;Weakly-supervised learning; Lesions;Training;Image segmentation;Supervised learning;Magnetic resonance imaging;Task analysis,"Segmentation of tumors in brain MRI images is a challenging task, where most recent methods demand large volumes of data with pixel-level annotations, which are generally costly to obtain. In contrast, image-level annotations, where only the presence of lesion is marked, are generally cheap, generated in far larger volumes compared to pixel-level labels, and contain less labeling noise. In the context of brain tumor segmentation, both pixel-level and image-level annotations are commonly available; thus, a natural question arises whether a segmentation procedure could take advantage of both. In the present work we: 1) propose a learning-based framework that allows simultaneous usage of both pixel-and image-level annotations in MRI images to learn a segmentation model for brain tumor; 2) study the influence of comparative amounts of pixel-and image-level annotations on the quality of brain tumor segmentation; 3) compare our approach to the traditional fully-supervised approach and show that the performance of our method in terms of segmentation quality may be competitive.",Machine Learning in Health II,2019,10.1109/ICMLA.2019.00263,S. Pavlov; A. Artemov; M. Sharaev; A. Bernstein; E. Burnaev
245,Towards Real-Time Detection of Squamous Pre-Cancers from Oesophageal Endoscopic Videos,oesophagus endoscopy;pre-cancer detection;deep learning;real-time video processing;segmentation; Videos;Cancer;Machine learning;Image color analysis;Real-time systems;Proposals;Image segmentation,"This study investigates the feasibility of applying state of the art deep learning techniques to detect precancerous stages of squamous cell carcinoma (SCC) cancer in real time to address the challenges while diagnosing SCC with subtle appearance changes as well as video processing speed. Two deep learning models are implemented, which are to determine artefact of video frames and to detect, segment and classify those no-artefact frames respectively. For detection of SCC, both mask-RCNN and YOLOv3 architectures are implemented. In addition, in order to ascertain one bounding box being detected for one region of interest instead of multiple duplicated boxes, a faster non-maxima suppression technique (NMS) is applied on top of predictions. As a result, this developed system can process videos at 16-20 frames per second. Three classes are classified, which are 'suspicious', 'high grade' and 'cancer' of SCC. With the resolution of 1920x1080 pixels of videos, the average processing time while apply YOLOv3 is in the range of 0.064-0.101 seconds per frame, i.e. 10-15 frames per second, while running under Windows 10 operating system with 1 GPU (GeForce GTX 1060). The averaged accuracies for classification and detection are 85% and 74% respectively. Since YOLOv3 only provides bounding boxes, to delineate lesioned regions, mask-RCNN is also evaluated. While better detection result is achieved with 77% accuracy, the classification accuracy is similar to that by YOLOYv3 with 84%. However, the processing speed is more than 10 times slower with an average of 1.2 second per frame due to creation of masks. The accuracy of segmentation by mask-RCNN is 63%. These results are based on the date sets of 350 images. Further improvement is hence in need in the future by collecting, annotating or augmenting more datasets.",Machine Learning in Health II,2019,10.1109/ICMLA.2019.00264,X. Gao; B. Braden; S. Taylor; W. Pang
246,"CSNNs: Unsupervised, Backpropagation-Free Convolutional Neural Networks for Representation Learning","convolutional, self-organizing, neural networks, CSNNs, CNNs, maps, SOMs, hebbian, local, deep, unsupervised, representation, learning; Neurons;Training;Self-organizing feature maps;Machine learning;Backpropagation;Convolution","This work combines Convolutional Neural Networks (CNNs), clustering via Self-Organizing Maps (SOMs) and Hebbian Learning to propose the building blocks of Convolutional Self-Organizing Neural Networks (CSNNs), which learn representations in an unsupervised and Backpropagation-free manner. Our approach replaces the learning of traditional convolutional layers from CNNs with the competitive learning procedure of SOMs and simultaneously learns local masks between those layers with separate Hebbian-like learning rules to overcome the problem of disentangling factors of variation when filters are learned through clustering. We investigate the learned representation by designing two simple models with our building blocks, achieving comparable performance to many methods which use Backpropagation, while we reach comparable performance on Cifar10 and give baseline performances on Cifar100, Tiny ImageNet and a small subset of ImageNet for Backpropagation-free methods.",Deep Learning I,2019,10.1109/ICMLA.2019.00265,B. Stuhr; J. Brauer
247,Deep Neural Network Compression for Image Classification and Object Detection,Deep Neural Networks;Network Compression;Image classification;Object Detection; Quantization (signal);Neural networks;Object detection;Image coding;Memory management;Network architecture;Computational modeling,"Neural networks have been notorious for being computational expensive. This is mainly because neural networks are often over-parametrized and most likely have redundant nodes or layers as they are getting deeper and wider. Their demand for hardware resources prohibits their extensive use in embedded devices and puts restrictions on tasks like real time image classification or object detection. In this work, we propose a network agnostic model compression method infused with a novel dynamical clustering approach to reduce the computational cost and memory footprint of deep neural networks. We evaluated our new compression method on five different state-of-the-art image classification and object detection networks. In classification networks, we pruned about 95% of network parameters. In advanced detection networks such as YOLOv3, our proposed compression method managed to reduce the model parameters up to 59.70% which yielded 110× less memory without sacrificing much in accuracy.",Deep Learning I,2019,10.1109/ICMLA.2019.00266,G. Tzelepis; A. Asif; S. Baci; S. Cavdar; E. E. Aksoy
248,Single-Net Continual Learning with Progressive Segmented Training,Continual Learning;Convolutional Neural Network;Deep Learning;Computer Vision;Image Recognition; Task analysis;Training;Knowledge engineering;Vehicle dynamics;Periodic structures;Neural networks;Machine learning,"There is an increasing need of continual learning in dynamic systems, such as the self-driving vehicle, the surveillance drone, and the robotic system. Such a system requires learning from the data stream, training the model to preserve previous information and adapt to a new task, and generating a single-headed vector for future inference. Different from previous approaches with dynamic structures, this work focuses on a single network and model segmentation to prevent catastrophic forgetting. Leveraging the redundant capacity of a single network, model parameters for each task are separated into two groups: one important group which is frozen to preserve current knowledge, and secondary group to be saved (not pruned) for a future learning. A fixed-size memory containing a small amount of previously seen data is further adopted to assist the training. Without additional regularization, the simple yet effective approach of Progressive Segmented Training (PST) successfully incorporates multiple tasks and achieves the state-of-the-art accuracy in the single-head evaluation on CIFAR-10 and CIFAR-100 datasets. Moreover, the segmented training significantly improves computation efficiency in continual learning at the edge.",Deep Learning I,2019,10.1109/ICMLA.2019.00267,X. Du; G. Charan; F. Liu; Y. Cao
249,Parameter Continuation Methods for the Optimization of Deep Neural Networks,"homotopy, deep learning, parameter continuation, secant, neural networks, non-convex optimization; Neural networks;Optimization;Standards;Training;Task analysis;Linear programming;Machine learning","There are many extant methods for approximating the solutions of non-convex optimization problems arising in deep neural networks, including stochastic gradient descent, RMSProp, AdaGrad, and ADAM. In this paper, we propose a novel training strategy for deep neural networks based on ideas from numerical parameter continuation methods. Parameter continuation methods have a long history in many application domains such as bifurcation analysis and the study of systems of differential equations. However, as far as we are aware, such powerful methods have seen relatively limited use in the optimization of deep neural networks. Specifically, herein we derive a homotopy formulation of standard activation functions. Such a derivation allows one to decompose the optimization of deep neural networks into a sequence of optimization problems, each of which is armed with a good initial guess based upon the solution of the previous problem. The whole process is initiated by using a closed-form solution for the first of these problems provided by the homotopy formulation. Intuitively, there is a deep connection between our homotopy techniques and many ideas used in transfer and curriculum learning. However, our proposed methods leverage decades of theoretical and computational work in parameter continuation methods and can be viewed as an initial bridge between those techniques and deep neural networks. In particular, we propose a method that we call Natural Parameter Adaption Continuation with Secant approximation (NPACS). This method provides an effective optimization technique that uses standard algorithms such as ADAM in a novel way to achieve faster and more stable convergence. We demonstrate the effectiveness of our method on standard benchmark problems, and we compute local minima more quickly and with lower train and test loss values than current state-of-the-art techniques in a majority of cases.",Deep Learning I,2019,10.1109/ICMLA.2019.00268,H. Nilesh Pathak; R. Paffenroth
250,Generation of Pedestrian Pose Structures using Generative Adversarial Networks,Neural Networks;GANs;Pedestrians;Pose estimation;Autonomous Driving; Gallium nitride;Generators;Generative adversarial networks;Training;Safety;Roads;Autonomous vehicles,"The safety of vulnerable road users is of paramount importance as transport moves towards fully automated driving. The richness of real-world data required for testing autonomous vehicles is limited, and furthermore, the available data does not have a fair representation of different scenarios and rare events. This work presents a novel approach for the generation of human pose structures, specifically the type of pose structures that would appear to be in pedestrian scenarios. The results show that the generated pedestrian structures are indistinguishable from the ground truth pose structures when classified using a suitably trained classifier. The paper demonstrates that the Generative Adversarial Network architecture can be used to create realistic new training samples, and, in future, new pedestrian events.",Deep Learning I,2019,10.1109/ICMLA.2019.00269,J. Spooner; M. Cheah; V. Palade; S. Kanarachos; A. Daneshkhah
251,Anomaly Detection with Conditional Variational Autoencoders,Anomaly Detection;Machine Learning;Variational Autoencoders;Large Hadron Collider; Computational modeling;Measurement;Data models;Anomaly detection;Image reconstruction;Computer architecture;Task analysis,"Exploiting the rapid advances in probabilistic inference, in particular variational Bayes and variational autoencoders (VAEs), for anomaly detection (AD) tasks remains an open research question. Previous works argued that training VAE models only with inliers is insufficient and the framework should be significantly modified in order to discriminate the anomalous instances. In this work, we exploit the deep conditional variational autoencoder (CVAE) and we define an original loss function together with a metric that targets hierarchically structured data AD. Our motivating application is a real world problem: monitoring the trigger system which is a basic component of many particle physics experiments at the CERN Large Hadron Collider (LHC). In the experiments we show the superior performance of this method for classical machine learning (ML) benchmarks and for our application.",Deep Learning I,2019,10.1109/ICMLA.2019.00270,A. A. Pol; V. Berger; C. Germain; G. Cerminara; M. Pierini
252,Optimal Ensembles for Deep Learning Classification: Theory and Practice,"theory, optimal ensemble, accuracy, diversity, correlation, algorithm, neural network ensemble; Correlation;Diversity reception;Neural networks;Machine learning algorithms;Prediction algorithms;Machine learning;Data models","Ensemble methods for classification problems construct a set of models, often called ""learners"", and then assign class labels to new data points by taking a combination of the predictions from these models. Ensemble methods are popular and used in a wide range of problem domains because of their good performance. However, a theoretical understanding of the optimality of ensembles is, in many instances, an open problem. In particular, improving the performance of an ensemble requires an understanding of the subtle interplay between the accuracy of the individual learners and the diversity of the learners in the ensemble. For example, if all of the learners in an ensemble were identical, then clearly the accuracy of the ensemble cannot be any better than the accuracy of the individual learning, no matter how many learners one were to use. Accordingly, here we develop a theory for understanding when ensembles are optimal, in an appropriate sense, by balancing individual accuracy against ensemble diversity, from the perspective of statistical correlations. The theory that we derive is applicable for many practical ensembles, and we provide a set of metrics for assessing the optimality of any given ensemble. Perhaps most interestingly, the metrics that we develop lead naturally to a set of novel loss functions that can be optimized using backpropagation giving rise to optimal deep neural network based ensembles. We demonstrate the effectiveness of these deep neural network based ensembles using standard benchmark data sets.",Deep Learning I,2019,10.1109/ICMLA.2019.00271,W. Li; R. Paffenroth
253,SVM-Based Segmentation of Home Appliance Energy Measurements,Climate change;Machine learning;Household appliances;Support vector machines,"Generating a more detailed understanding of domestic electricity demand is a major topic for energy suppliers and householders in times of climate change. Over the years there have been many studies on consumption feedback systems to inform householders, disaggregation algorithms for Non-Intrusive-Load-Monitoring (NILM), Real-Time-Pricing (RTP) to promote supply aware behavior through monetary incentives and appliance usage prediction algorithms. While these studies are vital steps towards energy awareness, one of the most fundamental challenges has not yet been tackled: Automated detection of start and stop of usage cycles of household appliances. We argue that most research efforts in this area will benefit from a reliable segmentation method to provide accurate usage information. We propose a SVM-based segmentation method for home appliances such as dishwashers and washing machines. The method is evaluated using manually annotated electricity measurements of five different appliances recorded over two years in multiple households.",Machine Learning in Energy Application I,2019,10.1109/ICMLA.2019.00272,M. Wenninger; D. Stecher; J. Schmidt
254,Multi-agent Learning for Energy-Aware Placement of Autonomous Vehicles,Machine learning;multi-agent systems;multi-agent learning;Unmanned autonomous vehicle;Clustering methods; Batteries;Geospatial analysis;Geology;Surveillance;Machine learning;Autonomous vehicles;Multi-agent systems,"Mobility gets an increasing amount of meaning and significance in the modern society. In this paper, we introduce a multi-agent learning application for a multi-agent system in e-mobility. In particular, we propose a geospatial model for free-floating and autonomously driving e-trikes and demonstrate a calculation method of positioning e-trikes on a given area by using different methods of cluster analysis. The solution of the cluster analysis contains cluster centers which represent a positioning for the e-trikes. The solution is then evaluateded by a simulation model with more sophisticated parameters. This research field opens different opportunities of application scenarios, which are discussed in the conclusion.",Machine Learning in Energy Application I,2019,10.1109/ICMLA.2019.00273,Ö. I. Erduran; M. Minor; L. Hedrich; A. Tarraf; F. Ruehl; H. Schroth
255,Power Flow Approximation Based on Graph Convolutional Networks,Graph Convolutional Network;Graph Neural Network;Power Flow;Load Flow;Artificial Neural Network;Multivariate Regression; Training;Network topology;Neural networks;Fitting;Multivariate regression;Power grids;Topology;Convolutional neural networks;Faces;Load flow,"In this article we develop a graph convolutional neural network (GCN) for the approximation of the AC power flow in electrical power grids. The proposed architecture is fully generic and purely data driven, such that no information about the actual underlying physical topology of the power grid is required. This gives the opportunity to apply this approach to a wide range of multivariate regression problems. We test our architecture on 3 datasets of different sizes, two of which are real world type power grids containing up to 5488 nodes. We show that the proposed method allows an accurate approximation of the power flow specifically in the case of large power grids. The GCN architecture implies intrinsic extrapolation, allowing a reasonable reduction of the number of trainable parameters as well as training samples. In contrast, classical approaches based on fully connected networks are shown to face difficulties when fitting such high dimensional functions.",Machine Learning in Energy Application I,2019,10.1109/ICMLA.2019.00274,V. Bolz; J. Rueß; A. Zell
256,Hybrid Condition Monitoring for Power Electronic Systems,ICMLA 2019;Condition Monitoring;Fault Diagnosis and Prognosis;DC-DC converter;Energy systems;Buck converter;Wavelet packet decomposition;Neural networks;Bayes classifier;Sequential hypothesis testing; Circuit faults;Monitoring;Feature extraction;Voltage measurement;DC-DC power converters;Hidden Markov models,"This paper proposes a novel approach for condition monitoring of power electronic systems. When monitoring the state of a power system, reliability is crucial, as this type of system is usually operated continuously for long periods of time, and as both missed faults as well as false detections can easily become prohibitively expensive. Recently, machine-learning-based methods for fault detection of power systems have gained popularity, since they can overcome many of the constrains of model-based techniques. Most of these methods train classifiers for different states of the system under test, and thus, the problem of fault detection becomes a problem of classification. In this paper we compare two of such recent techniques. We show that despite good results, it cannot reasonably be expected that the state classification is solved perfectly for every instant of time, which makes the application of such classifiers infeasible in practical systems. In order to overcome these issues, we propose to re-formulate the task into one of hybrid—neural and statistical—cross-temporal hypothesis testing. This novel hybrid framework allows us to build upon the previous machine-learning-based classification approaches, and to achieve full reliability on a challenging dataset of fault monitoring measurements for a buck-converter.",Machine Learning in Energy Application I,2019,10.1109/ICMLA.2019.00275,N. Markovic; T. Stoetzel; V. Staudt; D. Kolossa
257,Domain Adaptation for Ageing State Recognition of Cables used in Power Systems,predictive maintenance;supervised classification;feature selection;domain adaptation;power cable systems;ageing state recognition;partial discharges; Power cables;Aging;Partial discharges;Power cable insulation;Feature extraction,"As power cable systems play a critical role with respect to the reliability of power grids, it is necessary to adopt predictive maintenance techniques to prevent their damage. Especially for very expensive equipment used in power generation or smart grids, failure must be avoided. Partial Discharge (PD) phenomenon is considered as one of the main cause of deterioration of power cables insulation and reduce the cable lifetime. Thus, PD detection is an effective way to evaluate the degradation state of cable insulation. In this study, PD data are extracted from two different environments : a low voltage and high voltage cable using two different experimental devices. Original feature extraction, ranking and selection methods are implemented to design optimized Support Vector Machines classifiers (SVMs) that attribute an ageing state to the cable insulation for both cable types. Given the great interest of transferring a cable diagnosis model from one cable to any other cable type a domain adaptation technique is implemented. Recognition rate exceeding 99% are achieved when a classifier built in one environment is used to predict the ageing state of a new cable type based on PD data acquired in different conditions. The methodology presented in this work could be applied in realistic settings, for the monitoring of different cable types used in power grid system based on PD measurements.",Machine Learning in Energy Application I,2019,10.1109/ICMLA.2019.00276,N. Morette; T. Ditchi; Y. Oussar
258,A Novel Graphical Lasso Based Approach Towards Segmentation Analysis in Energy Game-Theoretic Frameworks,"Segmentation Analysis, Energy Game-Theoretic Frameworks, Graphical Lasso, Smart Building; Games;Buildings;Decision making;Hidden Markov models;Clustering algorithms;Elbow;Distortion","Energy game-theoretic frameworks have emerged to be a successful strategy to encourage energy efficient behavior in large scale by leveraging human-in-the-loop strategy. A number of such frameworks have been introduced over the years which formulate the energy saving process as a competitive game with appropriate incentives for energy efficient players. However, prior works involve an incentive design mechanism which is dependent on knowledge of utility functions for all the players in the game, which is hard to compute especially when the number of players is high, common in energy game-theoretic frameworks. Our research proposes that the utilities of players in such a framework can be grouped together to a relatively small number of clusters, and the clusters can then be targeted with tailored incentives. The key to above segmentation analysis is to learn the features leading to human decision making towards energy usage in competitive environments. We propose a novel graphical lasso based approach to perform such segmentation, by studying the feature correlations in a real-world energy social game dataset. To further improve the explainability of the model, we perform causality study using grangers causality. Proposed segmentation analysis results in characteristic clusters demonstrating different energy usage behaviors. We also present avenues to implement intelligent incentive design using proposed segmentation method.",Machine Learning in Energy Application I,2019,10.1109/ICMLA.2019.00277,H. P. Das; I. C. Konstantakopoulos; A. B. Manasawala; T. Veeravalli; H. Liu; C. J. Spanos
259,3D Deformable Convolutions for MRI Classification,neuroimaging;MRI;bipolar disorder;schizophrenia;biomarkers;deep learning;convolutional neural networks; Magnetic resonance imaging;Three-dimensional displays;Brain modeling;Kernel;Standards;Image segmentation,"Deep learning convolution neural networks have proved to be a powerful tool for MRI analysis. In current work, we explore the potential of the deformable convolution deep neural network layers for MRI data classification. We propose new 3D deformable convolutions (d-convolutions), implement them in VoxResNet architecture and apply for structural MRI data classification. We show that 3D d-convolutions outperform standard ones and are effective for unprocessed 3D MR images being robust to particular geometrical properties of the data. Firstly proposed dVoxResNet architecture exhibits high potential for the use in MRI data classification.",Machine Learning in Health II,2019,10.1109/ICMLA.2019.00278,M. Pominova; E. Kondrateva; M. Sharaev; A. Bernstein; S. Pavlov; E. Burnaev
260,Radar-Based Non-intrusive Fall Motion Recognition using Deformable Convolutional Neural Network,"Elderly Fall Detection, Deep Learning, Deformable Convolutional Neural Network, 1-class contrastive loss; Doppler effect;Spectrogram;Doppler radar;Chirp;Senior citizens;Legged locomotion","Radar is an attractive sensing technology for remote and non-intrusive human health monitoring and elderly fall detection due to its ability to work in low lighting conditions, its invariance to the environment, and its ability to operate through obstacles. Radar reflections from humans produce unique micro-Doppler signatures that can be used for classifying human activities and fall motion. However, radar-based elderly fall detection need to handle the indistinctive inter-class differences and large intra-class variations of human fall-motion in a real-world situation. Further, the radar placement in the room and varying aspect angle of the falling subject could result in differing radar micro-Doppler signature of human fall-motion. In this paper, we use a compact short-range 60-GHz frequency modulated continuous wave radar for detecting human fall motion using a novel deformable deep convolutional neural network with novel 1-class contrastive loss function in conjunction to focus loss to recognize elderly fall and address several of these signal processing system challenges. We demonstrate the performance of our proposed system in laboratory conditions under staged fall motion.",Machine Learning in Health II,2019,10.1109/ICMLA.2019.00279,Y. Shankar; S. Hazra; A. Santra
261,Knee Bone Segmentation on Three-Dimensional MRI,"knee osteoarthritis, 3D MRI images, deep learning, U-net, convolutional neural networks, automatic bone segmentation; Image segmentation;Bones;Magnetic resonance imaging;Three-dimensional displays;Two dimensional displays;Testing;Training","Three-dimensional (3D) images are widely used in the medical field (e.g., CT, MRI). In osteoarthritis research, 3D magnetic resonance imaging (MRI) provides a noninvasive way to study soft-tissue structures including hyaline cartilage, meniscus, muscle, bone marrow lesion, etc. The measurement of those structures can be greatly improved by accurately locating the bone structure. U-net is a convolutional neural network developed for biological image segmentation using limited training data. The original U-net takes a single 2D image as input and generates a binary 2D image as output. In this paper, we modified the U-net model to identify the bone structure on 3D knee MRI, which is a sequence of multiple 2D slices. Instead of taking a single image as input, the modified U-net takes multiple adjacent slices as input. The output is still a single binary image which is the segmentation result of the center slice in the input sequence. By using 99 knee MRI cases, where each knee case includes 160 2D slices, the proposed model was trained, validated, and tested. The dice coefficient, similarity, and area error metrics rate were tallied to assess the performance and the quality of the testing sets. Without any post-processing of the images, the model achieved promising segmentation performance with the Dice coefficient (DICE) 97.22% on the testing dataset. To achieve the best performance, diverse models were trained using different strategies including different numbers of input channels and different input image sizes. The experiment results indicate that the incorporation of neighboring slices generated better segmentation performance than using the single slice. We also found that a larger image size (uncompressed) corresponds to better performance. In summary, our best segmentation performance was achieved using five adjacent neighbor slices (two left neighbors + two right neighbors + the center slice) with the original image size of 352 × 352 pixels.",Machine Learning in Health II,2019,10.1109/ICMLA.2019.00280,R. Almajalid; J. Shan; M. Zhang; G. Stonis; M. Zhang
262,Depression Detection Using Feature Extraction and Deep Learning from sMRI Images,"Depression detection, Pre trained network, entropy, 2D slices, Major depressive disorder, MDD, CNN, VGG16, Inception-v3; Feature extraction;Training;Machine learning;Entropy;Two dimensional displays;Support vector machines;Three-dimensional displays","Major Depression Disorder (MDD) affects people's life and it is a common disorder worldwide. Finding useful diagnostic biomarkers would help clinicians to diagnosis MDD in its early stages. Machine learning algorithms for brain imaging classification of MDD is beneficial although it is challenging. In this paper, we investigate utilizing augmentation, feature extraction and classification for MDD detection from sMRI Images. Using images, we extract 10 slices with highest entropy values from each 3D sMRI image as raw features. The selected slices are the most representative 2D slices of each volume and the problem is reduced to classifying these slices. Next, augmentation is done by either duplication or rotation to balance the data. Then deep learning algorithms such as convolutional neural network and pre-trained networks with or without fine tuning are applied to extract features automatically. We compared several feature extraction methods in combination with SVM classifiers with linear or RBF kernels. Experiments show that raw features work pretty well for MDD classification. Also, pre-trained VGG16 with fine-tuning produces good results. However, pre-trained network without fine tuning returns acceptable result with short training time.",Machine Learning in Health II,2019,10.1109/ICMLA.2019.00281,M. Mousavian; J. Chen; S. Greening
263,Weakly Supervised Deep Learning for Detecting and Counting Dead Cells in Microscopy Images,machine learning;convolutional neural networks;weakly supervised learning;microscopy image;dead cells;classification;counting; Image segmentation;Microscopy;Chemotherapy;Drugs;Training;Machine learning;Biology,"Counting dead cells is a key step in evaluating the performance of chemotherapy treatment and drug screening. Deep convolutional neural networks (CNNs) can learn complex visual features, but require massive ground truth annotations which is expensive in biomedical experiments. Counting cells, especially dead cells, with very few ground truth annotations remains unexplored. In this paper, we automate dead cell counting using a weakly supervised strategy. We took advantage of the fact that cell death is low before chemotherapy treatment and increases after treatment. Motivated by the contrast, we first design image level supervised only classification neural networks to detect dead cells. Based on the class response map in classification networks, we calculate a Dead Confidence Map (DCM) to specify confidence of each dead cell. Associated with peak clustering, local maximums in the DCM are used to count the number of dead cells. In addition, a biological experiment based weakly supervised data preparation strategy is proposed to minimize human intervention. We show classification performance compared to general purpose and cell classification networks, and report results for the image-level supervised counting task.",Machine Learning in Health II,2019,10.1109/ICMLA.2019.00282,S. Chen; A. Li; K. Lasick; J. Huynh; L. Powers; J. Roveda; A. Paek
264,Echo Doppler Flow Classification and Goodness Assessment with Convolutional Neural Networks,"Echocardiography, Image Classification, Deep Learning, Point-of-Care Ultrasound; Doppler effect;Blood;Machine learning;Training;Learning systems;Echocardiography;Ultrasonic variables measurement","Doppler Echocardiography is critical for measuring abnormal cardiac function and diagnosing valvular stenosis and regurgitation. The current practice for assessing and interpreting Doppler echo images is time-consuming and depends highly on the experience of the operator. The limitations of this practice can be mitigated using fully automated intelligent systems. Essential first steps toward comprehensive computer-assisted Doppler echocardiographic interpretation include automatic classification into view/flow categories and goodness assessment of these flows. In this paper, we propose a deep learning-based method for Doppler flow classification and goodness assessment. The method has been trained on labeled images representing a wide range of real-world clinical variation. Our method, when evaluated on unseen data, achieved overall accuracies of 91.6% and 88.9% for flow classification and goodness assessment, respectively. While further research is needed, these results are encouraging and prove the feasibility of using fully automated intelligent systems for analyzing and interpreting Doppler echo images.",Machine Learning in Health II,2019,10.1109/ICMLA.2019.00283,G. Zamzmi; L. -Y. Hsu; W. Li; V. Sachdev; S. Antani
265,Enhancing Claims Handling Processes with Insurance Based Language Models,"insurance, language models, transfer learning, ULMFit, BERT, fraud detection; Task analysis;Insurance;Bit error rate;Machine learning;Companies;Vocabulary;Injuries","Insurance companies manage a large number of claims on a daily basis as new claims are reported and existing claims are serviced. A key component for servicing a claim is the ability for Claims personnel to enter in raw text, aka claims notes. Claims notes contain invaluable information often beyond that of structured data, capturing this information in a machine learning setting offers remarkable benefits to many downstream tasks in a Claims department. The ability to leverage claims notes enables an insurance company not only to make data-driven and insightful decisions while handling claims, but to create value through working more efficiently and serve their customers more effectively. To best leverage the information contained claims notes, we develop insurance-based language models (IBLMs) by further pre-training existing general domain language models (ULMFiT and BERT) on a large number of claim notes with enhanced vocabulary. Furthermore, we tested these IBLMs against three downstream binary classification tasks: (1) identification of auto claims with attorney retention, (2) bodily injury prediction, and (3) auto claims fraud investigation detection. We train different classifiers based on claims notes available on day 1 and through day 10 from when the claim was reported. We found that IBLMs show a significant improvement over the traditional classification approaches. Further, we provide practical insight into how an insurance company might use these models through the analysis of volume (capacity) thresholds.",Deep Learning II,2019,10.1109/ICMLA.2019.00284,A. Dimri; S. Yerramilli; P. Lee; S. Afra; A. Jakubowski
266,Pattern and Anomaly Localization in Complex and Dynamic Data,Convolutional Neural Networks;Pattern and Anomaly Detection;Feature Masking Model; Time series analysis;Machine learning;Market research;Image segmentation;Recurrent neural networks;Convolutional neural networks;Shape,"Following a series of deep learning breakthroughs in the area of image segmentation, multiple objects in an image input can be finely sub-categorized. Although Convolutional Neural Networks (CNNs) are known for their state-of-the-art performance in image classification, they present drawbacks when used to analyze different data types, such as time series. In this paper, we propose the Sequential Mask Convolutional Neural Network (SMCNN), a method that overcomes such drawbacks, and leverages CNNs for sequential data analysis. Our method transforms sequential data into an image representation by means of a specialized filter that produces flexible shape forms, and detects multiple types of outliers simultaneously. We evaluate the effectiveness of our method on data containing a variety of anomaly types combined with different concept drifts. The solution shows to significantly outperform prior endeavors and to provide high generalization capabilities on a wide array of data characteristics. We attribute its success to its ability to pinpoint the exact location of patterns and anomalies in parallel and to the invariance of CNNs, which allows them to adapt seamlessly to concept drifts.",Deep Learning II,2019,10.1109/ICMLA.2019.00285,S. Ryan; R. Corizzo; I. Kiringa; N. Japkowicz
267,Sparse Super-Regular Networks,sparse-neural networks;graph theory;super regularity;expander graphs;x-nets;deep learning; Neural networks;Bipartite graph;Sparse matrices;Machine learning;Computer science;Task analysis,"It has been argued by Thom and Palm that sparsely-connected neural networks (SCNs) show improved performance over fully-connected networks (FCNs). Super-regular networks (SRNs) are neural networks composed of a set of stacked sparse layers of (epsilon, delta)-super-regular pairs, and randomly permuted node order. Using the Blow-up Lemma, we prove that as a result of the individual super-regularity of each pair of layers, SRNs guarantee a number of properties that make them suitable replacements for FCNs for many tasks. These guarantees include edge uniformity across all large-enough subsets, minimum node in-and out-degree, input-output sensitivity, and the ability to embed pre-trained constructs. Indeed, SRNs have the capacity to act like FCNs, and eliminate the need for costly regularization schemes like Dropout. We show that SRNs perform similarly to X-Nets via readily reproducible experiments, and offer far greater guarantees and control over network structure.",Deep Learning II,2019,10.1109/ICMLA.2019.00286,A. W. E. McDonald; A. Shokoufandeh
268,Concept Saliency Maps to Visualize Relevant Features in Deep Generative Models,"saliency maps, unsupervised learning, spatial transcriptomics, variational autoenconder; Unsupervised learning;Predictive models;Computational modeling;Biological system modeling;Task analysis;Neurons;Neural networks","Evaluating, explaining, and visualizing high-level concepts in generative models, such as variational autoencoders (VAEs), is challenging in part due to a lack of known prediction classes that are required to generate saliency maps in supervised learning. While saliency maps may help identify relevant features (e.g., pixels) in the input for classification tasks of deep neural networks, similar frameworks are understudied in unsupervised learning. Therefore, we introduce a new method of obtaining saliency maps for latent representations of known or novel high-level concepts, often called concept vectors in generative models. Concept scores, analogous to class scores in classification tasks, are defined as dot products between concept vectors and encoded input data, which can be readily used to compute the gradients. The resulting concept saliency maps are shown to highlight input features deemed important for high-level concepts. Our method is applied to the VAE's latent space of CelebA dataset in which known attributes such as ""smiles"" and ""hats"" are used to elucidate relevant facial features. Furthermore, our application to spatial transcriptomic (ST) data of a mouse ol-factory bulb demonstrates the potential of latent representations of morphological layers and molecular features in advancing our understanding of complex biological systems. By extending the popular method of saliency maps to generative models, the proposed concept saliency maps help improve interpretability of latent variable models in deep learning.",Deep Learning II,2019,10.1109/ICMLA.2019.00287,L. Brocki; N. C. Chung
269,Deep Learning with Domain Randomization for Optimal Filtering,Deep Learning;Signal Processing;Autoencoder;Kalman Filter;Domain Randomization; Kalman filters;Noise measurement;Machine learning;Mathematical model;Decoding;Training;Time series analysis,"Filtering is the process of recovering a signal, x(t), from noisy measurements z(t). One common filter is the Kalman Filter, which is proven to be the conditional minimum variance estimator of x(t) when the measurements are a Gaussian random processes. However, in practice (a) the measurements are not necessarily Gaussian and (b) an estimation of the measurement covariance is problematic and often tuned using cross-validation and domain knowledge. In order to address the Kalman Filter's suboptimal performance in situations where non-Gaussian noise is present, we train a deep autoencoder to learn a mapping of the noisy measurements to a ""learned"" noise process covariance R(t) and measurements z(t), which are passed to a Kalman Filter. The Kalman Filter's output is then mapped to the original measurement space via the decoder portion of the autoencoder, where this output and original measurements are compared. Training this autoencoder-Kalman Filter (AEKF) via domain randomization on simulated noisy sensor responses, we show the AEKF's estimate of x(t), in the majority of cases, achieves a lower MSE than both a standard Kalman Filter and a Long Short-Term Memory (LSTM) recurrent deep neural network. Most significantly, the AEKF outperforms all methods in the case of simulated Cauchy noise.",Deep Learning II,2019,10.1109/ICMLA.2019.00288,M. Weiss; R. C. Paffenroth; J. R. Whitehill; J. R. Uzarski
270,Mask R-CNN End-to-End Text Detection and Recognition,"Convolutional Neural Networks, Scene Text Recognition, Cascade Region Proposal Network, Mask Text Recognition; Text recognition;Proposals;Image recognition;Feature extraction;Computational modeling;Neural networks;Image segmentation","Text detection and recognition have witnessed drastic improvements in the field of computer vision. This end-toend model comprising of the detection and recognition models scales to provide higher accuracy. The most important phase in this end-to-end approach is the detection phase, as it plays an important role to identify the text. To address this issue, different approaches have been proposed. However, most of the methods produce lower efficiency to detect and recognize real world text. In this paper, we propose a new approach to investigate the challenges that the existing models possess and improve the efficiency of the detection and in turn increases the accuracy of text recognition. The proposed method outperforms the state-ofthe-art approaches due to the use of deblurring and sharpening to reduce noise in the pre-processing stage, followed by the cascade region proposal network model to improve the detection of real world text using non max suppression. Experimentations on real word datasets highlight the effectiveness of our method.",Deep Learning II,2019,10.1109/ICMLA.2019.00289,S. Shivajirao; R. Hantach; S. Ben Abbes; P. Calvez
271,Learnable Visual Rhythms Based on the Stacking of Convolutional Neural Networks for Action Recognition,"Action recognition, video analysis, visual rhythm, multi-stream network, deep learning; Streaming media;Visualization;Feature extraction;Computer architecture;Two dimensional displays;Machine learning;Computer science","Recent deep learning techniques have achieved satisfactory results for various image-related problems. However, many research questions remain open in tasks involving video sequences. Several applications demand the understanding of complex events in videos, such as traffic monitoring, person re-identification, security and surveillance. In this work, we address the problem of human action recognition in videos through a multi-stream network that incorporates both spatial and temporal information. The main contribution of our work is a stream based on a new variant of the visual rhythm, called Learnable Visual Rhythm (LVR). We employ a deep network to extract features from the video frames in order to generate the rhythm. The features are collected at multiple depths of the network to enable the analysis of different abstraction levels. This strategy significantly outperforms the handcrafted version on the UCF101 and HMDB51 datasets. Experiments conducted on these datasets show that our final multi-stream network achieved competitive results compared to state-of-the-art approaches.",Deep Learning II,2019,10.1109/ICMLA.2019.00290,H. Maia; M. Souza; A. Santos; H. Pedrini; H. Tacon; A. Brito; H. Chaves; M. Vieira; S. Villela
272,Widened Learning of Index Tracking Portfolios,"Widening, FinTech, algorithmic trading, machine learning, time-series, heuristic search, parallelism, diversity, index tracking, tracking portfolio; Indexes;Portfolios;Investment;Target tracking;Space exploration;Security;Benchmark testing","Index investing has an advantage over active investment strategies, because less frequent trading results in lower expenses, yielding higher long-term returns. Index tracking is a popular investment strategy that attempts to find a portfolio replicating the performance of a collection of investment vehicles. This paper considers index tracking from the perspective of solution space exploration. Three search space heuristics in combination with three portfolio tracking error methods are compared in order to select a tracking portfolio with returns that mimic a benchmark index. Experimental results conducted on real-world datasets show that Widening, a metaheuristic using diverse parallel search paths, finds superior solutions than those found by the reference heuristics. Presented here are the first results using Widening on time-series data.",Special Session: Predictive Models in Engineering Applications III,2019,10.1109/ICMLA.2019.00291,I. Gavriushina; O. Sampson; M. R. Berthold; W. Pohlmeier; C. Borgelt
273,A Cost-Sensitive Approach to Enhance the use of ML Classifiers in Software Testing Efforts,machine learning;software testing;efficiency;efficacy;defect prediction;software testing effort; Software;Software testing;Measurement;Computer bugs;Machine learning;Aircraft,"The use of Machine Learning (ML) classifiers to predict defective software modules are useful to help on planning software testing activities. Most of those studies use the accuracy as the main metric to evaluate the quality of the ML classifier. However, when unbalanced datasets are used to train and test the classifier, the ML model becomes biased. Biased ML models hide their real accuracy. In this context, this study proposes an approach to enhance the use of ML classifiers for predicting defective software modules even with unbalanced datasets. The results indicate: (1) a significant reduction on the number of false negatives; (2) a considerable gain on the efficacy of the software testing; (3) an increase of the number of modules correctly indicated as defective; however, there were also (4) an increase of the scope of the test suggested by the model; (5) a reduction of the software testing efficiency; (6) an increase of the number of the false positives; and (7) reduction of the overall accuracy. Therefore, the proposed approach imposes a trade-off to be considered when planning the software testing activities. Finally, this study also proposes an approach to help managers to deal with those trade-offs considering the resource constraints.",Special Session: Predictive Models in Engineering Applications III,2019,10.1109/ICMLA.2019.00292,A. Moreira Nascimento; L. F. Vismari; P. S. Cugnasca; J. B. Camargo Júnior; J. Rady de Almeira Júnior
274,Rare-Event Time Series Prediction: A Case Study of Solar Flare Forecasting,class imabalnce;sampling;time series;flare forecast; Time series analysis;Forecasting;Feature extraction;Machine learning;Benchmark testing;Coherence;X-rays,"We present a case study for time series prediction models in extreme class-imbalance problems. We have extracted multiple properties from the Space Weather ANalytics for Solar Flares (SWAN-SF) benchmark dataset which comprises of magnetic features from over 4075 active regions over a period of 9 years to create the forecasting dataset used in this study. In the extracted dataset, the class-imbalance ratio is 1:60, where the minority class is formed by instances of strong solar flares (GOES M-and X-class). This ratio reaches to 1:800 if we only consider the strongest class of flares (GOES X-class). This case of extreme imbalance, along with the temporal coherence of the sliced time series, provides us with an interesting set of challenges in the forecasting of scarce real-life phenomena. We have explored remedies to tackle the class-imbalance issue such as undersampling, oversampling and misclassification weights. In the process, we elaborate on common mistakes and pitfalls caused by ignoring the side effects of these remedies, including how and why they weaken the robustness of the trained models while seemingly improving the performance.",Special Session: Predictive Models in Engineering Applications III,2019,10.1109/ICMLA.2019.00293,A. Ahmadzadeh; B. Aydin; D. J. Kempton; M. Hostetter; R. A. Angryk; M. K. Georgoulis; S. S. Mahajan
275,Hierarchical Temporal Memories Prediction Performance and Robustness to Faults on Multivariate Time Series,Multivariate Time Series;Prediction;Fault Robustness;Hierachical Temporal Memory; Hidden Markov models;Robustness;Time series analysis;Machine learning algorithms;Machine learning;Prediction algorithms;Predictive models,"In this article, we evaluate the ability of Hierarchical Temporal Memories (HTM) to process values coming from sensor chains. We present a study on the impact of the HTM parameterization on its ability to predict input values and its robustness to sensor faults. The HTM is evaluated on simulated multivariate time series comprising several causal relations between variables. The results show the ability of HTM to predict future values of multivariate time series and to be robust to sensor faults. We then present which parameters most impact HTM prediction performance and its robustness to faults.",Special Session: Predictive Models in Engineering Applications III,2019,10.1109/ICMLA.2019.00294,M. Jégou; P. Chevaillier; P. De Loor
276,Comparing Learning-Based Methods for Identifying Disaster-Related Tweets,"Natural Disasters, TfidfVectorizer, CountVectorizer, Supervised classification, Twitter, Emergency Management.; Twitter;Hurricanes;Machine learning;Labeling;Feature extraction;Tagging;Dictionaries","During natural disaster events, social media users generate a significant amount of data, some of which are valuable for relief efforts and emergency management. In this paper, we study the nature of social media content generated during two natural disasters. We provide a system for labeling Twitter data and classifying disaster-related tweets. The focus is on Twitter data generated before, during, and after Hurricane Florence and Hurricane Michael, both of which occurred in 2018. Then we apply various machine learning models on the labeled data and provide a performance comparison between the models using features generated from TfidfVectorizer and CountVectorizer Approaches.",Special Session: Predictive Models in Engineering Applications III,2019,10.1109/ICMLA.2019.00295,N. Assery; Y. Xiaohong; S. Almalki; R. Kaushik; Q. Xiuli
277,Sparse Feature Extraction for Activity Detection Using Low-Resolution IR Streams,infrared data;sparse feature extraction;healthcare applications; Feature extraction;Image resolution;Streaming media;Temperature sensors;Activity recognition;Monitoring,"In this paper, we propose an ultra-low-resolution infrared (IR) images based activity recognition method which is suitable for monitoring in elderly care-house and modern smart home. The focus is on the analysis of sequences of IR frames, including single subject doing daily activities. The pixels are considered as independent variables because of the lacking of spatial dependencies between pixels in the ultra-low resolution image. Therefore, our analysis is based on the temporal variation of the pixels in vectorised sequences of several IR frames, which results in a high dimensional feature space and an ""n<; <; p"" problem. Two different sparse analysis strategies are used and compared: Sparse Discriminant Analysis (SDA) and Sparse Principal Component Analysis (SPCA). The extracted sparse features are tested with four widely used classifiers: Support Vector Machines (SVM), Random Forests (RF), K-Nearest Neighbours (KNN) and Logistic Regression (LR). To prove the availability of the sparse features, we also compare the classification results of the noisy data based sparse features and non-sparse based features respectively. The comparison shows the superiority of sparse methods in terms of noise tolerance and accuracy.",Special Session: Predictive Models in Engineering Applications III,2019,10.1109/ICMLA.2019.00296,Y. Karayaneva; S. Sharifzadeh; Y. Jing; K. Chetty; B. Tan
278,Comprehend Medical: A Named Entity Recognition and Relationship Extraction Web Service,"Neural Networks, Multi-task Learning, Natural Language Processing, Clinical NLP, Named Entity Recognition, Relationship Extraction; Medical diagnostic imaging;Natural language processing;Decoding;Machine learning;Feature extraction;Web services","Comprehend Medical is a stateless and Health Insurance Portability and Accountability Act (HIPAA) eligible Named Entity Recognition (NER) and Relationship Extraction (RE) service launched under Amazon Web Services (AWS) trained using state-of-the-art deep learning models. Contrary to many existing open source tools, Comprehend Medical is scalable and does not require steep learning curve, dependencies, pipeline configurations, or installations. Currently, Comprehend Medical performs NER in five medical categories: Anatomy, Medical Condition, Medications, Protected Health Information (PHI) and Treatment, Test and Procedure (TTP). Additionally, the service provides relationship extraction for the detected entities as well as contextual information such as negation and temporality in the form of traits. Comprehend Medical provides two Application Programming Interfaces (API): 1) the NERe API which returns all the extracted named entities, their traits and the relationships between them and 2) the PHId API which returns just the protected health information contained in the text. Furthermore, Comprehend Medical is accessible through AWS Console, Java and Python Software Development Kit (SDK), making it easier for non-developers and developers to use.",Machine Learning in Health III,2019,10.1109/ICMLA.2019.00297,P. Bhatia; B. Celikkaya; M. Khalilia; S. Senthivel
279,Towards Fast and Unified Transfer Learning Architectures for Sequence Labeling,transfer learning;named entity recognition;comprehend medical; Task analysis;Training;Standards;Logic gates;Buildings;Labeling;Bit error rate,"Sequence labeling systems have advanced continuously using neural architectures over the past several years. However, these tasks require large sets of annotated data to achieve such performance. In particular, we focus on the Named Entity Recognition (NER) task on clinical notes, which is one of the most fundamental and critical problems for medical text analysis. Our work centers on effectively adapting these neural architectures towards low-resource settings using parameter transfer methods. We complement a standard hierarchical NER model with a general transfer learning framework, the Tunable Transfer Network (TTN) consisting of parameter sharing between the source and target tasks, and showcase scores significantly above the baseline architecture. Our best TTN model achieves 2-5% improvement over pre-trained language model BERT as well as its multi task extension MT-DNN in low resource settings. However, our proposed sharing scheme requires an exponential search over tied parameter sets to generate an optimal configuration. To mitigate the problem of exhaustively searching for model optimization, we propose the Dynamic Transfer Networks (DTN), a gated architecture which learns the appropriate parameter sharing scheme between source and target datasets. DTN achieves the improvements of the optimized transfer learning framework with just a single training setting, effectively removing the need for an exponential search.",Machine Learning in Health III,2019,10.1109/ICMLA.2019.00298,P. Bhatia; K. Arumae; B. Celikkaya
280,Hypergraph Link Prediction: Learning Drug Interaction Networks Embeddings,"hypergraph link prediction, graph neural networks, graph embedding, polypharmacy, drug-drug interactions; Drugs;Symmetric matrices;Indexes;Predictive models;Neural networks;Convolution;Data models","Graph neural networks (GNNs) have revolutionized deep learning on non-Euclidean data domains, and are extensively used in fields such as social media and recommendation systems. However, complex relational data structures such as hypergraphs, pose challenges for GNNs in terms of their ability to model, embed, and learn relational complexities of multigraphs. Most GNNs focus on capturing flat local neighborhoods of a node thus failing to account for structural properties of multi-relational graphs. This paper introduces Hypergraph Link Prediction (HLP), a novel approach of encoding the multilink structure of graphs. HLP allows pooling operations to incorporate a 360 degrees overview of a node interaction profile, by learning local neighborhood and global hypergraph structure simultaneously. Global graph information is injected into node representations, such that unique global structural patterns of every node are encoded at the node level. HLP leverages the augmented hypergraph adjacency matrix to incorporate the depth of the hypergraph in the convolutional layers. The model is applied to the task of predicting multi-drug interactions, by modeling relations between pairs of drugs as a hypergraph. The existence and the type of drug interactions between the same pair of drugs are mapped as multiple edges, and can be inferred by learning the multigraph local and global structure concurrently. To account for molecular graph properties of a drug, additional drug chemical graph structural fingerprints are included as node attributes.",Machine Learning in Health III,2019,10.1109/ICMLA.2019.00299,M. Vaida; K. Purcell
281,Hexagonal Image Processing in the Context of Machine Learning: Conception of a Biologically Inspired Hexagonal Deep Learning Framework,Computer-Vision;Pattern-and-Image-Recognition;Deep-Learning;Convolutional-Neural-Networks;Hexagonal-Image-Processing;Hexagonal-Lattice;Hexagonal-Sampling; Lattices;Machine learning;Convolutional neural networks;Convolution;Feature extraction,"Inspired by the human visual perception system, hexagonal image processing in the context of machine learning deals with the development of image processing systems that combine the advantages of evolutionary motivated structures based on biological models. While conventional state of the art image processing systems of recording and output devices almost exclusively utilize square arranged methods, their hexagonal counterparts offer a number of key advantages that can benefit both researchers and users. This contribution serves as a general application-oriented approach with the synthesis of the therefor designed hexagonal image processing framework, called Hexnet, the processing steps of hexagonal image transformation, and dependent methods. The results of our created test environment show that the realized framework surpasses current approaches of hexagonal image processing systems, while hexagonal artificial neural networks can benefit from the implemented hexagonal architecture. As hexagonal lattice format based deep neural networks, also called H-DNN, can be compared to their square counterpart by transforming classical square lattice based data sets into their hexagonal representation, they can also result in a reduction of trainable parameters as well as result in increased training and test rates.",Deep Learning III,2019,10.1109/ICMLA.2019.00300,T. Schlosser; M. Friedrich; D. Kowerko
282,A Stochastic Variance Reduced Nesterov's Accelerated Quasi-Newton Method,Neural networks;training algorithms;stochastic variance reduction;quasi-Newton method;momentum term;limited memory; Acceleration;Training;Neural networks;Computational efficiency;Approximation algorithms;Convergence;Linear programming,"Recently algorithms incorporating second order curvature information have become popular in training neural networks. The Nesterov's Accelerated Quasi-Newton (NAQ) method has shown to effectively accelerate the BFGS quasi-Newton method by incorporating the momentum term and Nesterov's accelerated gradient vector. A stochastic version of NAQ method was proposed for training of large-scale problems. However, this method incurs high stochastic variance noise. This paper proposes a stochastic variance reduced Nesterov's Accelerated Quasi-Newton method in full (SVR-NAQ) and limited (SVRLNAQ) memory forms. The performance of the proposed method is evaluated in Tensorflow on four benchmark problems - two regression and two classification problems respectively. The results show improved performance compared to conventional methods.",Deep Learning III,2019,10.1109/ICMLA.2019.00301,S. Yasuda; S. Mahboubi; S. Indrapriyadarsini; H. Ninomiya; H. Asai
283,Automated Stenosis Classification of Carotid Artery Sonography using Deep Neural Networks,"carotid stenosis, generative adversarial network, Gaussian process, deep learning, ensemble, classification; Optimization;Carotid arteries;Neural networks;Bayes methods;Computational modeling;Ultrasonic imaging;Generative adversarial networks","Carotid duplex sonography is an ultrasound-based diagnostic imaging technique used to reveal structural details of carotid arteries for hemodynamic changes and plaque morphology assessment. Deep convolutional neural networks were utilized to classify sonographic images into four categories based on learned features of internal carotid artery blood flow rate. Rather than build networks from scratch, model weights from three pretrained architectures were utilized and fine-tuned to accelerate task learning. A 50 layer residual network was evaluated as a feature generator for carotid stenosis identification. Moreover, a Gaussian process model utilized expected improvement acquisition to perform global hyperparameter optimization. An adversarial network mitigated class imbalance by generating 2500 severe category images for data augmentation. Finally, an ensemble meta-learner was constructed that calculated a weighted average of classifier probabilities. Distinct sonographic datasets were utilized for building two 4-ary classification models that achieved peak test metric performance accuracies of 98.37% and 97.26% respectively.",Deep Learning III,2019,10.1109/ICMLA.2019.00302,T. Lindsey; Z. Garami
284,Wireless Indoor Positioning Using Online Machine Learning,predictive modeling;online machine learning;wireless indoor positioning;sensor data streams; Data models;Radiofrequency identification;Training;Wireless sensor networks;Wireless communication;Machine learning;Manufacturing,"The indoor positioning system can be applied to smart factories to monitor the location of time-critical items in real-time. It is useful for planning and control in the dynamic manufacturing environment. The challenge of the localization is the non-stationary characteristics of the environment. In this paper, we present a predictive modeling method using online machine learning. The wireless signals from time-critical items can be captured constantly. The online positioning model is built and updated by using the sensor data stream.",Special Session: Predictive Models in Engineering Applications IV,2019,10.1109/ICMLA.2019.00303,S. Huang; A. Ashfahani; M. Pratama
285,The Effect of Time on the Maintenance of a Predictive Model,"model maintenance, big data, imbalanced data, machine learning, sampling; Predictive models;Training;Maintenance engineering;Machine learning;Data models;Machine learning algorithms;Databases","Periodic updating of a machine learning model may become necessary because new data could have a distribution that has drifted significantly over time from the original data distribution, thus impacting the model's usefulness. The primary objective of this paper is to evaluate temporal influence on the maintenance of a predictive model. We investigate the impact of using training data from various year-groupings on a model designed to detect Medicare Part B billing fraud. Training datasets are obtained from year-groupings of 2015, 2014-2015, 2013-2015, and 2012-2015. The test dataset is represented by 2016 data. Our study utilizes five popular learners and five class ratios obtained by Random Undersampling. Using the Area Under the Receiver Operating Characteristic (ROC) Curve as the performance metric, our case study indicates that the Logistic Regression learner yields the highest overall value for the yeargrouping of 2013-2015, with a majority-to-minority ratio of 90:10. For the problem of maintaining predictive models for Medicare fraud, we conclude that a sampled dataset should be chosen over the full dataset and that the largest training dataset (i.e., 2012- 2015) does not always produce the best results. To the best of our knowledge, this is the first big data study that examines the influence of time on the maintenance of machine learning models.",Special Session: Predictive Models in Engineering Applications IV,2019,10.1109/ICMLA.2019.00304,J. L. Leevy; T. M. Khoshgoftaar; R. A. Bauder; N. Seliya
286,Utilising Evolutionary Algorithms to Design Granular Materials for Industrial Applications,Granular Materials;Evolutionary Algorithms;Particle Shape; Shape;Jamming;Morphology;Evolutionary computation;Liquids;Atmospheric measurements;Particle measurements,"Granular materials, such as sands, soils, grains and powders, are ubiquitous in both natural and artificial systems. They are core to many industrial systems from mining and food production to pharmaceuticals and construction. Granular media display unique properties, including their ability to flow like a liquid at low densities and jam in to a solid state at high densities. Granular materials are used functionally in a number of industrial systems, where for example their insulating, energy absorption, filtration or vibration damping properties are variously exploited. A recent emerging industrial application is to utilise the jamming transition of granular matter (transition from a sold to a liquid) to create functional jammed systems such as universal grippers or soft robotic devices with potential broad impact across many industrial sectors. However, controlling the microscopic properties of such systems to elicit bespoke functional granular systems remains challenging due to the complex relationship between the individual particle morphologies and the related emergent behaviour of the bulk state. Here, we investigate the use of evolution to explore the functional landscapes of granular systems. We employ a superellipsoid representation of the particle shape which allows us to smoothly transition between a large variety of particle aspect ratios and angularities, and investigate the use of multi-component systems alongside homogenous granular arrangements. Results show the ability to successfully characterise a sample design space, and represents an important step towards the creation of bespoke jammed systems with a range of practical applications across broad swathes of industry.",Special Session: Predictive Models in Engineering Applications IV,2019,10.1109/ICMLA.2019.00305,G. W. Delaney; D. Howard; K. De Napoli
287,Uncertainty-Aware Personalized Readability Assessments for Second Language Learners,Uncertainty;Vocabulary Testing;Natural Language Processing; Vocabulary;Uncertainty;Task analysis;Random variables;Crowdsourcing;Syntactics;Indexes,"Assessing whether an ungraded second language learner can read a given text quickly is important for further instructing and supporting the learner, particularly when evaluating numerous ungraded learners from diverse backgrounds. Second language acquisition (SLA) studies have tackled such assessment tasks wherein only a single short vocabulary test result is available to assess a learner; such studies have shown that the text-coverage, i.e., the percentage of words the learner knows in the text, is the key assessment measure. Currently, count-based percentages are used, in which each word in the given text is classified as being known or unknown to the learner, and the words classified as known are then simply counted. When each word is classified, we can also obtain an uncertainty value as to how likely each word is known to the learner. Although such values can be informative for a readability assessment, how to leverage these values to guarantee their use as an assessment measure that is comparable to that of the previous values remains unclear. We propose a novel framework that allows assessment methods to be uncertainty-aware while guaranteeing comparability to the text-coverage threshold. Such methods involve a computationally complex problem, for which we also propose a practical algorithm. In addition, we propose a neural-network based classifier from which we can obtain better uncertainty values. For evaluation, we created a crowdsourcing-based dataset in which a learner takes both vocabulary and readability tests. The best method under our framework outperformed conventional methods.",Machine Learning Applications in Education I,2019,10.1109/ICMLA.2019.00307,Y. Ehara
288,Analysis of Forest Fire Data Using Neural Network Rule Extraction with Human Understandable Rules,rule-extraction;Forest-fire;neural-network; Fires;Forestry;Biological neural networks;Neurons;Data mining;Machine learning,"Forest fires spread fast, uncontrollably, and may lead to massive destruction. This makes the prevention of them a safety critical issue. Neural networks are a sub-area of machine learning that can be used to analyze the complex behavior of neural systems and help to predict forest fires. To make the knowledge learned by a neural network more accessible, rules can be extracted from the neural network to demystify the system behavior and directly relate inputs to outputs. In this paper, we present a Dynamic Cell Structure (DCS) neural network used for forest fire data prediction, determining which environmental factors lead to fires. We apply an intuitive rule extraction algorithm to extract understandable rules for this prediction. The results are verified through direct comparison with the raw data.",Main Conference Poster Papers,2019,10.1109/ICMLA.2019.00308,O. Elsarrar; M. Darrah; R. Devine
289,A Voice Interactive Multilingual Student Support System using IBM Watson,Chatbots;IBM-Watson;Language-Translator;Speech-to-Text;Text-to-Speech;Tone-Analyzer; Google;Machine learning;Mood;Stress;Social network services;Business;Natural languages,"Systems powered by artificial intelligence are being developed to be more user-friendly by communicating with users in a progressively “human-like” conversational way. Chatbots, also known as dialogue systems, interactive conversational agents, or virtual agents are an example of such systems used in a wide variety of applications ranging from customer support in the business domain to companionship in the healthcare sector. It is becoming increasingly important to develop chatbots that can best respond to the personalized needs of their users, so that they can be as helpful to the user as possible in a real human way. This paper investigates and compares three popular existing chatbots API offerings and then propose and develop a voice interactive and multilingual chatbot that can effectively respond to users’ mood, tone, and language using IBM Watson Assistant, Tone Analyzer, and Language Translator. The chatbot was evaluated using a use case that was targeted at responding to users’ needs regarding exam stress based on university students survey data generated using Google Forms. The results of measuring the chatbot effectiveness at analyzing responses regarding exam stress indicate that the chatbot responding appropriately to the user queries regarding how they are feeling about exams 76.5%. The chatbot could also be adapted for use in other application areas such as student info-centers, government kiosks, and mental health support systems.",Machine Learning Applications in Education I,2019,10.1109/ICMLA.2019.00309,K. Ralston; Y. Chen; H. Isah; F. Zulkernine
290,Coordination of PV Smart Inverters Using Deep Reinforcement Learning for Grid Voltage Regulation,Artificial-Intelligence;Distribution-Power-Grid;Deep-Reinforcement-Learning;Photovoltaics;Voltage-Regulation; Silicon;Voltage control;Reactive power;Inverters;Capacitors;Power grids;Machine learning,"Increasing adoption of solar photovoltaic (PV) presents new challenges to modern power grid due to its variable and intermittent nature. Fluctuating outputs from PV generation can cause the grid violating voltage operation limits. PV smart inverters (SIs) provide a fast-response method to regulate voltage by modulating real and/or reactive power at the connection point. Yet existing local autonomous control scheme of SIs is based on local information without coordination, which can lead to suboptimal performance. In this paper, a deep reinforcement learning (DRL) based algorithm is developed and implemented for coordinating multiple SIs. The reward scheme of the DRL is carefully designed to ensure voltage operation limits of the grid are met with more effective utilization of SI reactive power. The proposed DRL agent for voltage control can learn its policy through interaction with massive offline simulations, and adapts to load and solar variations. The performance of the DRL agent is compared against the local autonomous control on the IEEE 37 node system with thousands of scenarios. The results show a properly trained DRL agent can intelligently coordinate different SIs for maintaining grid voltage within allowable ranges, achieving reduction of PV production curtailment, and decreasing system losses.",Machine Learning in Energy Application II,2019,10.1109/ICMLA.2019.00310,C. Li; C. Jin; R. Sharma
291,DeepECO: Applying Deep Learning for Occupancy Detection from Energy Consumption Data,Deep-Learning;PCA;SHAP;Classification-Accuracy;Mathew’s-Correlation-Coefficient;F2-score;occupancy; Feature extraction;Principal component analysis;Training;Home appliances;Neural networks;Smart meters;Machine learning,"Occupancy identification using Electricity Consumption data has been shown as an effective, non-intrusive strategy aiding the design of efficient Energy Management solutions. This paper introduces DeepECO, a Deep Learning framework for the Occupancy Classification task. It studies the impact of different feature selection algorithms, namely Principal Component Analysis (PCA) and a new game-theoretic approach called SHapley Additive exPlanation (SHAP) on the network performance. Three different metrics- Classification Accuracy, Mathew's Correlation Coefficient and F2 score are used for evaluation and comparison between the mentioned algorithms. The results obtained serve as a comprehensive evaluation of different feature selection methods for deep CNNs and their effectiveness in addressing the given problem.",Machine Learning in Energy Application II,2019,10.1109/ICMLA.2019.00311,N. Pal; P. Ghosh; G. Karsai
292,"Gender Estimation from a Hybrid of Face, Upper and Full Body Images at Varying Body Poses","gender, classification, body, deep learning, fusion; Face;Training;Cameras;Estimation;Adaptation models;Databases","High gender classification accuracies have been recorded with high-resolution faces under controlled conditions. However, real-life scenarios are faced with challenges not limited to high pose variations in subjects, poor visibility, occlusion, and distance from camera. These have led to the current trend in estimating gender from full body images, notwithstanding the challenges posed by partial body images in a typical life scenario. We demonstrate that there are certain sections in a body image, the face, upper or lower body that are useful for recognition at near or far distances. Given the challenges of body captured at far distance or partially showing body in a photo, we therefore propose a combination of three classifiers for gender estimation from face; upper and full body from single-shot image. Our results in far compared to near distance images suggest that gender is best estimated from a hybrid of face; upper and full body images under challenging conditions.",Special Session: Predictive Models in Engineering Applications V,2019,10.1109/ICMLA.2019.00312,O. Iloanusi; C. Mbah
293,Looking for the Best Fit of a Function over Circadian Rhythm Data,regression;function fit;parameter optimization; Circadian rhythm;Interpolation;Classification algorithms;Harmonic analysis;Feature extraction;Machine learning;Rhythm,"Circadian rhythm regulates many biological processes. In plants, it controls the expression of genes related to growth and development. Recently, the usage of digital image analysis allows monitoring the circadian rhythm in plants, since the circadian rhythm can be observed by the movement of the leaves of a plant during the day. This is important because it can be used as a growth marker to select plants in plant breeding processes and to conduct fundamental science on this topic. In this work, a new algorithm is proposed to classify sets of coordinates to indicate if they show a circadian rhythm movement. Most algorithms take a set of coordinates and produce plots of the circadian movement, however, some databases have sets of coordinates that must be classified before the movement plots. This research presents an algorithm that determines if a set corresponds to a circadian rhythm movement using statistical analysis of polynomial regressions. Results showed that the proposed algorithm is significantly better compared with a Lagrange interpolation and with a fixed degree approaches. The obtained results suggest that using statistical information from the polynomial regressions can improve results in a classification task of circadian rhythm data.",Special Session: Predictive Models in Engineering Applications V,2019,10.1109/ICMLA.2019.00313,F. Fallas-Moya; M. Gonzalez-Hernandez; L. Barboza-Barquero; K. Obando; O. Valerio; A. Holst; R. Arias
294,Partially Detected Intelligent Traffic Signal Control: Environmental Adaptation,"Partially Detected Intelligent Traffic Signal Control System, Reinforcement Learning, Adaptive Traffic Signal Control; Automobiles;Learning (artificial intelligence);Adaptation models;Internet of Things;Heuristic algorithms;Machine learning;Urban areas","Partially Detected Intelligent Traffic Signal Control(PD-ITSC) systems that can optimize traffic signals based on limited detected information could be a cost-efficient solution for mitigating traffic congestion in the future. In this paper, we focus on a particular problem in PD-ITSC - adaptation to changing environments. To this end, we investigate different reinforcement learning algorithms, including Q-Learning, Proximal Policy Optimization (PPO), Advantage Actor-Critic (A2C), and Actor-Criticwith Kronecker-Factored Trust-Region (ACKTR). Our findings suggest that RL algorithms can find optimal strategies under partial vehicle detection; however, policy-based algorithms can adapt to changing environments more efficiently than value-based algorithms. We use these findings to draw conclusions about the value of different models for PD-ITSC systems.",Special Session: Predictive Models in Engineering Applications V,2019,10.1109/ICMLA.2019.00314,R. Zhang; R. Leteurtre; B. Striner; A. Alanazi; A. Alghafis; O. K. Tonguz
295,Exploring the Landscape of Employers for Individuals with Autism Spectrum Disorder,"Autism Spectrum Disorder, Employment, Workplace Transition, Unsupervised Machine Learning; Training;Employment;Machine learning;Autism;Data models;Companies;Industries","Autism Spectrum Disorders are a class of neurodevelopmental disorders which usually present with difficulties in social interactions, verbal and nonverbal forms of communication, repetitive behaviors, and restricted interests. While there are several guides that describe the Americans with Disabilities Act requirements for employers looking to hire those with disabilities, the academic literature describing actual current employer programming to support employees with disabilities is scarce. This study utilizes unsupervised machine learning to explore the policies and practices of 285 employers with regard to autism spectrum disorders, with the ultimate goal of understanding shortcomings in employment practices that can be improved through a combination of educational programs and changes to corporate culture.",Machine Learning Applications in Education II,2019,10.1109/ICMLA.2019.00315,K. Hyde; A. -J. Griffiths; C. Giannantonio; A. Hurley-Hanson; S. Mathur; E. Linstead
296,Generating Near and Far Analogies for Educational Applications: Progress and Challenges,"analogy, generation, semantic networks, cognitive reasoning, reasoning, ConceptNet, word embeddings, NLP; Cognition;Semantics;Task analysis;Syntactics;Google;Reliability;Scalability","Analogical reasoning, it has been argued, fundamentally underlies many cognitive processes and is an important marker of developmental cognition. This connection suggests that the clever use of analogical reasoning tasks can improve cognitive performance in specific ways, thus leading to clear educational applications, as recent psychological work has confirmed. However, currently there are no known methods to either solve or generate analogical word problems, at least to a degree of reliability that would be necessary before such educational applications are possible. To address these concerns we present work to both solve and generate analogy word problems: First, given an analogy word problem, our algorithm performs a parallel random walk through the semantic network ConceptNet to limit the number of choices that are then considered by a vector embedding. We achieve an improvement in accuracy beyond existing state-of-the-art. Second, we explore a method for automatically generating explainable n-step analogy word problems, and analyze the results.",Machine Learning Applications in Education II,2019,10.1109/ICMLA.2019.00316,M. Boger; A. Laverghetta; N. Fetisov; J. Licato
297,Investigation of Factors Affecting Ownership the Household Informatics Equipment with CHAID Algorithm,decision-tree;CHAID;information-equipment;Household-Information-Technology-Usage-Survey; Decision trees;Biological system modeling;Magnetic heads;Information technology;Data mining;Education;Web and internet services,"In this article, Turkey Statistics Institute's Household Information Technology Usage Survey data is used for 2016 year and the state of households having informatics equipment is examined. In this study, different information equipment of households was selected as target variables, other information equipment ownership status, demographic characteristics of household and characteristics of head of household are used as input variables. The CHAID algorithm is used as the decision tree algorithm. The aim of this article is to show how ownership of information technology devices, which is an indicator of development of society, changes according to household characteristics.",Machine Learning Applications in Education II,2019,10.1109/ICMLA.2019.00326,M. Coskun; H. I. Bülbül
298,Graph-Based Analysis of Similarities between Word Frequency Distributions of Various Corpora for Complex Word Identification,"Complex Word Identification, Vocabulary Tests, Natural Language Processing; Encyclopedias;Task analysis;Vocabulary;Electronic publishing;Internet;Natural language processing","Complex word identification (CWI) is a fundamental task in educational NLP and applied linguistics which involves the identification of complex words in a text for various applications, including text simplification. Recent studies have independently reported that when word-frequency features from some uncommon corpora are used in combination with those from a general corpus, they improve the CWI accuracy; this suggests that they can be used as adjustments for a general corpus. However, although previous studies have analyzed similarity values between each pair of corpora, the significance of the similarity in the entire set of corpora is unclear. This complicates the analysis of the combination of general and uncommon corpora aimed at improving CWI accuracy; thus, the search for effective types of corpora would have to be exhaustive. To contribute to a better understanding and a non-exhaustive search, this paper proposes a novel graph-based analysis method. We first calculate various similarities among the word frequency distributions of various corpora in an unsupervised manner. Subsequently, we regard each similarity as a weighted graph and analyze the importance of a pair of corpora, or an edge, within the entire graph structure. Through our experiments, it was found that our analysis method can successfully explain why the previously reported combinations of corpora were effective; Furthermore, it can find effective corpus combinations.",Machine Learning Applications in Education II,2019,10.1109/ICMLA.2019.00317,Y. Ehara
299,Mass Estimation from Images using Deep Neural Network and Sparse Ground Truth,"Semi supervised learning, DNN model development, Mass flow estimation, Video processing; Elevators;Cameras;Estimation;Training;Volume measurement;Lighting;Machine learning","Supervised learning is the workhorse for regression and classification tasks, but the standard approach presumes ground truth for every measurement. In real world applications, limitations due to expense or general infeasibility due to the specific application are common. In the context of agriculture applications, yield monitoring is one such example where simple physics-based measurements such as volume or force-impact have been used to quantify mass flow. These measurements incur error due to sensor calibration. Using a vision system capturing images of a sugarcane elevator and running bamboo under controlled testing as a surrogate material to harvesting sugarcane, mass is accurately predicted from sparsely labeled images by training a deep neural network (DNN) in semi-supervised fashion using only final load weights. The DNN succeeds in capturing the complex density physics of random stacking of slender rods as part of the mass prediction model, and surpasses older volumetric-based methods for mass prediction. Furthermore, by incorporating knowledge about the system physics through the DNN architecture and penalty terms, improvements in prediction accuracy and stability as well as faster learning are obtained. It is shown that the classic nonlinear regression optimization can be reformulated with an aggregation term with some independence assumptions to achieve this feat. Since the number of images for any given run are too large to fit on typical GPU vRAM, an implementation is shown that compensates for the limited memory but still achieve fast training times. The same approach presented herein could be applied to other applications like yield monitoring on grain combines or other harvesters using vision or other instrumentation.",Machine Learning in Advanced Machine Vision,2019,10.1109/ICMLA.2019.00318,M. Hamdan; D. Rover; M. Darr; J. Just
300,Anyone here? Smart Embedded Low-Resolution Omnidirectional Video Sensor to Measure Room Occupancy,privacy preserving;occupancy detection;omnidirection;deep learning;low resolution; Image resolution;Cameras;Privacy;Detectors;Lenses;Data privacy;Training,"In this paper, we present a room occupancy sensing solution with unique properties: (i) It is based on an omnidirectional vision camera, capturing rich scene info over a wide angle, enabling to count the number of people in a room and even their position. (ii) Although it uses a camera-input, no privacy issues arise because its extremely low image resolution, rendering people unrecognisable. (iii) The neural network inference is running entirely on a low-cost processing platform embedded in the sensor, reducing the privacy risk even further. (iv) Limited manual data annotation is needed, because of the self-training scheme we propose. Such a smart room occupancy rate sensor can be used in e.g. meeting rooms and flex-desks. Indeed, by encouraging flex-desking, the required office space can be reduced significantly. In some cases, however, a flex-desk that has been reserved remains unoccupied without an update in the reservation system. A similar problem occurs with meeting rooms, which are often under-occupied. By optimising the occupancy rate a huge reduction in costs can be achieved. Therefore, in this paper, we develop such system which determines the number of people present in office flex-desks and meeting rooms. Using an omnidirectional camera mounted in the ceiling, combined with a person detector, the company can intelligently update the reservation system based on the measured occupancy. Next to the optimisation and embedded implementation of such a self-training omnidirectional people detection algorithm, in this work we propose a novel approach that combines spatial and temporal image data, improving performance of our system on extreme low-resolution images.",Machine Learning in Advanced Machine Vision,2019,10.1109/ICMLA.2019.00319,T. Callemein; K. Van Beeck; T. Goedemé
301,Coarse Annotation Refinement for Segmentation of Dot-Matrix Batchcodes,"Batchcode detection, Convolutional Neural Network, Semantic Segmentation, data labelling; Image segmentation;Task analysis;Training;Benchmark testing;Neural networks;Semantics;Labeling","Deep Convolutional Neural Networks (CNN) have been extensively applied in various computer vision tasks. Although such approaches have demonstrated exceptionally high performance in various open challenges, adapting them to more specialised tasks can be non-trivial. In this paper we discuss our design and implementation of a batchcode detection system capable of accurate segmentation of batchcode regions within images of consumer products. A batchcode is a unique identifier printed on the packaging of many products that encodes useful information such as date and location of manufacture. Detection of batchcodes in images of products is a useful step in many processes, including quality control, supply chain tracking and counterfeit detection. Beginning with a unique dataset of product images and a set of crowdsourced coarse annotations that roughly correspond to the locations of batchcodes, we demonstrate that such annotations are insufficient for training a reliable model, and subsequently describe a novel label refinement process, which we call the Maximally Stable Global Region (MSGR) method, that we use to generate accurate ground-truth data suitable for training a robust neural network. We also show that detection accuracy can be further improved by applying MSGR to the output of the neural network. We evaluate our approach using a manually labelled test dataset of images of shampoo bottles, and demonstrate the efficacy of the proposed method for accurate real-time batchcode detection.",Machine Learning in Advanced Machine Vision,2019,10.1109/ICMLA.2019.00320,N. Jia; C. Holder; S. Bonner; B. Obara
302,Evaluation of Deep Learning for Semantic Image Segmentation in Tool Condition Monitoring,"tool wear detection, convolutional neural networks, machine learning, artificial intelligence, tool condition monitoring, semantic segmentation; Tools;Image segmentation;Machine learning;Measurement;Semantics;Cutting tools;Feature extraction","Tool wear is one of the main factors of manufacturing costs in subtractive manufacturing processes. To control manufacturing processes while taking the tool wear into account, a variety of tool condition monitoring systems have been investigated. In this paper, we present a new approach to support the manual analysis of tool wear images by the means of semantic image segmentation. We utilize deep learning for image evaluation through semantic classification of different defect regions. In this study, a small-sized dataset of 100 cutting tool inserts at different tool conditions, exhibiting various wear defects, is acquired and masked by a process expert. A sliding window approach is used to extract small size feature maps from the raw images, with the class of the center pixel as the label. The relationship between the features and the label is trained using a convolutional neural network. Our investigation shows that this network can predict the wear defect class of each pixel with an accuracy of over 91%. Compared to other approaches, the proposed solution can differentiate between various defect types, for instance, flank wear, groove formation and build-up-edge. From the resulting segmented image, different wear metrics are computed, such as the maximum flank wear width or the occurrence and size of other wear defects. This information is fed back to the machine operator to support the decision process of whether to continue machining, adapt the cutting conditions or exchange the insert.",Machine Learning in Advanced Machine Vision,2019,10.1109/ICMLA.2019.00321,B. Lutz; D. Kisskalt; D. Regulin; R. Reisch; A. Schiffler; J. Franke
303,Infrared and Visible Image Fusion via Multi-discriminators Wasserstein Generative Adversarial Network,"Wasserstein generative adversarial network, image fusion, infrared image, visible image; Generators;Generative adversarial networks;Image fusion;Gallium nitride;Machine learning;Security;Information technology","Generative adversarial network (GAN) has been widely applied to infrared and visible image fusion. However, the existing GAN-based image fusion methods only establish one discriminator in the network to make the fused image capture gradient information from the visible image, which may result in the loss of some infrared intensity information and texture information on the fused images. To solve this problem and improve the performance of GAN, we extend GAN to multiple discriminators and propose an end-to-end multi-discriminators Wasserstein generative adversarial network (MD-WGAN). In this framework, the fused image can preserve major infrared intensity and detail information from the first discriminator, and keep more texture information that existing in visible image from the second discriminator. We also design a texture loss function via local binary patterns to preserve more texture from visible image. The extensive qualitative and quantitative experiments show the advantages of our method compared with other state-of-the-art fusion methods.",Machine Learning in Advanced Machine Vision,2019,10.1109/ICMLA.2019.00322,J. Li; H. Huo; K. Liu; C. Li; S. Li; X. Yang
304,Deep Diamond Re-ID,re-identification;neural network;deep learning;diamonds; Diamond;Training;Task analysis;Image color analysis;Optical switches;Optical imaging,"Re-identification neural networks are widely used in numerous applications such as crowd control, crime investigations, safety systems and even in most smartphones to unlock the phone with a picture of the owner. These techniques are mostly used to re-identify faces or persons but in this paper we investigate the possibility to adapt these to also re-identify similar looking objects such as diamonds. Since polished diamonds are very similar to the naked eye, it is difficult to distinguish one diamond from another. We have indications that diamonds are sometimes switched by trained switchers with fake or less expensive stones, while they pretend to inspect the stone. A solution to this is diamond fingerprinting. We therefore propose a technique to generate a unique ID for each stone, which allows to re-identify the diamond solely based on an image of the gem. Since each diamond is assigned a unique ID it is even possible to keep track of the diamonds over time. This allows the seller to verify his stones before and after trading while switchers don't stand a chance. For this task we trained and adapted a classification network optimized for both speed and accuracy.",Machine Learning in Advanced Machine Vision,2019,10.1109/ICMLA.2019.00323,F. De Feyter; D. Hulens; B. Claes; T. Goedeme
305,Fusing Visual and Textual Information to Determine Content Safety,"multimodal machine learning, computer vision, natural language processing, multilabel classification; Web pages;Visualization;Safety;Training;Machine learning;Feature extraction;Machine learning algorithms","In advertising, identifying the content safety of web pages is a significant concern since advertisers do not want brands to be associated with threatening content. At the same time, publishers would like to maximize the number of web pages on which they can place ads. Thus, a fine balance must be achieved while classifying content safety in order to satisfy both advertisers and publishers. In this paper, we propose a multimodal machine learning framework that fuses visual and textual information from web pages to improve current predictions of content safety. The primary focus is on late fusion, which involves combining final model outputs of separate modalities, such as images and text, to arrive at a single decision. This paper presents a fully automated machine learning framework that performs binary and multilabel classification using late fusion techniques. We also introduce additional work in early fusion, which involves extracting and fusing intermediate features from the two separate models. Our algorithms are applied to data extracted from relevant web pages in the advertising industry. Both of our late and early fusion methods obtain significant improvements over algorithms currently in use.",Machine Learning in Advanced Machine Vision,2019,10.1109/ICMLA.2019.00324,R. Leonardo; A. Hu; M. Uzair; Q. Lu; I. Fu; K. Nishiyama; S. Mangalath Subrahmannian; D. Ravichandran
